,name,price,date
0,Bronzini Whole HEAD ON Butterfly,17.95,14/12/2022
1,"Salmon, Ora King Fillet",27.95,14/12/2022
2,Dover Sole Whole,17.85,14/12/2022
3,Salmon Wester Ross filet,15.92,14/12/2022
4,Salmon Norwegian Fillet,14.79,14/12/2022
5,"Salmon, Whole Scale Gut (Canada)",8.25,14/12/2022
6,"Salmon, Sixty South Fillet",12.57,14/12/2022
7,"Dover Sole, Fresh Fillet Wild",52.76,14/12/2022
8,"Meagre Fillet, Skin Off",21.25,14/12/2022
9,Kanpachi Fillet Skin On,30.14,14/12/2022
10,"Arctic Charr, Scale Gut",10.45,14/12/2022
11,"Bronzini, 400-600 S&G",8.99,14/12/2022
12,"Bronzini Fillet, 400-600gr  Farmed",19.95,14/12/2022
13,"Snapper 1-2, Whole S&G",11.65,14/12/2022
14,Trout Rainbow Head On,9.01,14/12/2022
15,Trout Rainbow 6-8 oz,11.44,14/12/2022
16,Mahi Mahi Fillet Skin Off,18.99,14/12/2022
17,Salmon Chile Fillet,12.95,14/12/2022
18,Salmon Fillet Skin Off,15.5,14/12/2022
19,Salmon Fillet Skin On,13.95,14/12/2022
20,Striped Bass Wild Fillet Lg Skin On,27.95,14/12/2022
21,"Bronzini, Fillet 600-800",19.95,14/12/2022
22,"Cod Loins, Icelandic MSC 20+",19.95,14/12/2022
23,Arctic Char Whole,9.95,14/12/2022
24,Arctic Char Fillet,19.95,14/12/2022
25,Halibut Fillet Skin Off,32.95,14/12/2022
26,"Flounder Fillet, Skin Off Hand Cut",24.95,14/12/2022
27,Snapper Fillet  American Red,29.98,14/12/2022
28,Salmon Irish Fillet,16.99,14/12/2022
29,Bronzini Whole  600-800 S&G,9.76,14/12/2022
30,Lane Snapper Fillet Skin On,20.98,14/12/2022
31,Tilapia Fillet 5/7 oz,8.1,14/12/2022
32,Tuna #1 Premium Loin Yellowfin,24.34,14/12/2022
33,Grouper Fillet Domestic,29.88,14/12/2022
34,Salmon Fillet Faroe Islands Skin On,15.73,14/12/2022
35,Salmon Verlasso Fillet ASC,13.41,14/12/2022
36,Swordfish Loin,24.95,14/12/2022
37,Chilean Sea Bass Fillet Skin Off PF,37.95,14/12/2022
38,Salmon Loch Duart Fillet,16.95,14/12/2022
39,Tuna 2+ Premium Loin Yellowfin/Bigeye,16.15,14/12/2022
40,Bronzini Whole HEAD ON Butterfly,17.95,15/12/2022
41,"Salmon, Ora King Fillet",27.95,15/12/2022
42,Dover Sole Whole,17.85,15/12/2022
43,Salmon Wester Ross filet,15.92,15/12/2022
44,Salmon Norwegian Fillet,14.79,15/12/2022
45,"Salmon, Whole Scale Gut (Canada)",8.25,15/12/2022
46,"Salmon, Sixty South Fillet",12.57,15/12/2022
47,"Dover Sole, Fresh Fillet Wild",52.76,15/12/2022
48,"Meagre Fillet, Skin Off",21.25,15/12/2022
49,Kanpachi Fillet Skin On,30.14,15/12/2022
50,"Arctic Charr, Scale Gut",10.45,15/12/2022
51,"Bronzini, 400-600 S&G",8.99,15/12/2022
52,"Bronzini Fillet, 400-600gr  Farmed",19.95,15/12/2022
53,"Snapper 1-2, Whole S&G",11.65,15/12/2022
54,Trout Rainbow Head On,9.01,15/12/2022
55,Trout Rainbow 6-8 oz,11.44,15/12/2022
56,Mahi Mahi Fillet Skin Off,18.99,15/12/2022
57,Salmon Chile Fillet,12.95,15/12/2022
58,Salmon Fillet Skin Off,15.5,15/12/2022
59,Salmon Fillet Skin On,13.95,15/12/2022
60,Striped Bass Wild Fillet Lg Skin On,27.95,15/12/2022
61,"Bronzini, Fillet 600-800",19.95,15/12/2022
62,"Cod Loins, Icelandic MSC 20+",19.95,15/12/2022
63,Arctic Char Whole,9.95,15/12/2022
64,Arctic Char Fillet,19.95,15/12/2022
65,Halibut Fillet Skin Off,32.95,15/12/2022
66,"Flounder Fillet, Skin Off Hand Cut",24.95,15/12/2022
67,Snapper Fillet  American Red,29.98,15/12/2022
68,Salmon Irish Fillet,16.99,15/12/2022
69,Bronzini Whole  600-800 S&G,9.76,15/12/2022
70,Lane Snapper Fillet Skin On,20.98,15/12/2022
71,Tilapia Fillet 5/7 oz,8.1,15/12/2022
72,Tuna #1 Premium Loin Yellowfin,24.34,15/12/2022
73,Grouper Fillet Domestic,29.88,15/12/2022
74,Salmon Fillet Faroe Islands Skin On,15.73,15/12/2022
75,Salmon Verlasso Fillet ASC,13.41,15/12/2022
76,Swordfish Loin,24.95,15/12/2022
77,Chilean Sea Bass Fillet Skin Off PF,37.95,15/12/2022
78,Salmon Loch Duart Fillet,16.95,15/12/2022
79,Tuna 2+ Premium Loin Yellowfin/Bigeye,16.15,15/12/2022
80,Bronzini Whole HEAD ON Butterfly,17.95,16/12/2022
81,"Salmon, Ora King Fillet",27.95,16/12/2022
82,Dover Sole Whole,17.85,16/12/2022
83,Salmon Norwegian Fillet,14.79,16/12/2022
84,"Salmon, Whole Scale Gut (Canada)",8.25,16/12/2022
85,"Salmon, Sixty South Fillet",12.57,16/12/2022
86,"Dover Sole, Fresh Fillet Wild",52.76,16/12/2022
87,"Meagre Fillet, Skin Off",21.25,16/12/2022
88,Kanpachi Fillet Skin On,30.14,16/12/2022
89,"Arctic Charr, Scale Gut",10.45,16/12/2022
90,"Bronzini, 400-600 S&G",8.99,16/12/2022
91,"Bronzini Fillet, 400-600gr  Farmed",19.95,16/12/2022
92,"Snapper 1-2, Whole S&G",11.65,16/12/2022
93,Trout Rainbow Head On,9.01,16/12/2022
94,Trout Rainbow 6-8 oz,11.44,16/12/2022
95,Mahi Mahi Fillet Skin Off,18.99,16/12/2022
96,Salmon Chile Fillet,12.95,16/12/2022
97,Salmon Fillet Skin Off,15.5,16/12/2022
98,Salmon Fillet Skin On,13.95,16/12/2022
99,Striped Bass Wild Fillet Lg Skin On,27.95,16/12/2022
100,"Bronzini, Fillet 600-800",19.95,16/12/2022
101,"Cod Loins, Icelandic MSC 20+",19.95,16/12/2022
102,Arctic Char Whole,9.95,16/12/2022
103,Arctic Char Fillet,19.95,16/12/2022
104,Halibut Fillet Skin Off,32.95,16/12/2022
105,"Flounder Fillet, Skin Off Hand Cut",24.95,16/12/2022
106,Snapper Fillet  American Red,29.98,16/12/2022
107,Salmon Irish Fillet,16.99,16/12/2022
108,Bronzini Whole  600-800 S&G,9.76,16/12/2022
109,Lane Snapper Fillet Skin On,20.98,16/12/2022
110,Tilapia Fillet 5/7 oz,8.1,16/12/2022
111,Tuna #1 Premium Loin Yellowfin,24.34,16/12/2022
112,Grouper Fillet Domestic,29.88,16/12/2022
113,Salmon Fillet Faroe Islands Skin On,15.73,16/12/2022
114,Salmon Verlasso Fillet ASC,13.41,16/12/2022
115,Swordfish Loin,24.95,16/12/2022
116,Chilean Sea Bass Fillet Skin Off PF,37.95,16/12/2022
117,Salmon Loch Duart Fillet,16.95,16/12/2022
118,Tuna 2+ Premium Loin Yellowfin/Bigeye,16.15,16/12/2022
119,Bronzini Whole HEAD ON Butterfly,17.95,19/12/2022
120,"Salmon, Ora King Fillet",27.95,19/12/2022
121,Dover Sole Whole,17.85,19/12/2022
122,Salmon Norwegian Fillet,14.16,19/12/2022
123,"Salmon, Whole Scale Gut (Canada)",8.25,19/12/2022
124,"Salmon, Sixty South Fillet",12.57,19/12/2022
125,Black Sea Bass Fillet,29.73,19/12/2022
126,"Dover Sole, Fresh Fillet Wild",52.76,19/12/2022
127,"Meagre Fillet, Skin Off",21.25,19/12/2022
128,Kanpachi Fillet Skin On,30.14,19/12/2022
129,"Arctic Charr, Scale Gut",10.45,19/12/2022
130,"Bronzini, 400-600 S&G",8.99,19/12/2022
131,"Bronzini Fillet, 400-600gr  Farmed",19.95,19/12/2022
132,"Snapper 1-2, Whole S&G",11.65,19/12/2022
133,Trout Rainbow Head On,9.01,19/12/2022
134,Trout Rainbow 6-8 oz,11.44,19/12/2022
135,Mahi Mahi Fillet Skin Off,18.99,19/12/2022
136,Salmon Chile Fillet,10.98,19/12/2022
137,Salmon Fillet Skin Off,15.5,19/12/2022
138,Salmon Fillet Skin On,13.95,19/12/2022
139,Striped Bass Wild Fillet Lg Skin On,27.95,19/12/2022
140,"Bronzini, Fillet 600-800",19.95,19/12/2022
141,"Cod Loins, Icelandic MSC 20+",19.95,19/12/2022
142,Arctic Char Whole,9.95,19/12/2022
143,Arctic Char Fillet,19.95,19/12/2022
144,Halibut Fillet Skin Off,32.95,19/12/2022
145,"Flounder Fillet, Skin Off Hand Cut",24.95,19/12/2022
146,Snapper Fillet  American Red,29.98,19/12/2022
147,Salmon Irish Fillet,16.99,19/12/2022
148,Bronzini Whole  600-800 S&G,9.76,19/12/2022
149,Lane Snapper Fillet Skin On,20.98,19/12/2022
150,Tilapia Fillet 5/7 oz,8.1,19/12/2022
151,Tuna #1 Premium Loin Yellowfin,22.75,19/12/2022
152,Grouper Fillet Domestic,29.88,19/12/2022
153,Salmon Fillet Faroe Islands Skin On,15.73,19/12/2022
154,Salmon Verlasso Fillet ASC,13.41,19/12/2022
155,Striped Bass  Farmed Fillet,19.31,19/12/2022
156,Swordfish Loin,24.95,19/12/2022
157,Chilean Sea Bass Fillet Skin Off PF,37.95,19/12/2022
158,Salmon Loch Duart Fillet,16.95,19/12/2022
159,Tuna 2+ Premium Loin Yellowfin/Bigeye,15.42,19/12/2022
160,Bronzini Whole HEAD ON Butterfly,17.95,20/12/2022
161,"Salmon, Ora King Fillet",27.95,20/12/2022
162,Dover Sole Whole,17.85,20/12/2022
163,Salmon Wester Ross filet,16.72,20/12/2022
164,Salmon Norwegian Fillet,14.16,20/12/2022
165,"Salmon, Whole Scale Gut (Canada)",8.25,20/12/2022
166,"Salmon, Sixty South Fillet",12.57,20/12/2022
167,Black Sea Bass Fillet,29.73,20/12/2022
168,"Dover Sole, Fresh Fillet Wild",52.76,20/12/2022
169,"Meagre Fillet, Skin Off",21.25,20/12/2022
170,Kanpachi Fillet Skin On,30.14,20/12/2022
171,"Arctic Charr, Scale Gut",10.45,20/12/2022
172,"Bronzini, 400-600 S&G",8.99,20/12/2022
173,"Bronzini Fillet, 400-600gr  Farmed",19.95,20/12/2022
174,"Snapper 1-2, Whole S&G",11.65,20/12/2022
175,Trout Rainbow Head On,9.01,20/12/2022
176,Trout Rainbow 6-8 oz,11.44,20/12/2022
177,Mahi Mahi Fillet Skin Off,18.99,20/12/2022
178,Salmon Chile Fillet,10.98,20/12/2022
179,Salmon Fillet Skin Off,15.5,20/12/2022
180,Salmon Fillet Skin On,13.95,20/12/2022
181,Striped Bass Wild Fillet Lg Skin On,27.95,20/12/2022
182,"Bronzini, Fillet 600-800",19.95,20/12/2022
183,"Cod Loins, Icelandic MSC 20+",19.95,20/12/2022
184,Arctic Char Whole,9.95,20/12/2022
185,Arctic Char Fillet,19.95,20/12/2022
186,Halibut Fillet Skin Off,32.95,20/12/2022
187,"Flounder Fillet, Skin Off Hand Cut",24.95,20/12/2022
188,Snapper Fillet  American Red,29.98,20/12/2022
189,Salmon Irish Fillet,16.99,20/12/2022
190,Bronzini Whole  600-800 S&G,9.76,20/12/2022
191,Lane Snapper Fillet Skin On,20.98,20/12/2022
192,Tilapia Fillet 5/7 oz,8.1,20/12/2022
193,Tuna #1 Premium Loin Yellowfin,22.75,20/12/2022
194,Grouper Fillet Domestic,29.88,20/12/2022
195,Salmon Fillet Faroe Islands Skin On,15.73,20/12/2022
196,Salmon Verlasso Fillet ASC,13.41,20/12/2022
197,Striped Bass  Farmed Fillet,19.31,20/12/2022
198,Swordfish Loin,24.95,20/12/2022
199,Chilean Sea Bass Fillet Skin Off PF,37.95,20/12/2022
200,Salmon Loch Duart Fillet,16.95,20/12/2022
201,Tuna 2+ Premium Loin Yellowfin/Bigeye,15.42,20/12/2022
202,Bronzini Whole HEAD ON Butterfly,17.95,21/12/2022
203,"Salmon, Ora King Fillet",27.95,21/12/2022
204,Dover Sole Whole,17.85,21/12/2022
205,Salmon Wester Ross filet,16.72,21/12/2022
206,Salmon Norwegian Fillet,14.16,21/12/2022
207,"Salmon, Whole Scale Gut (Canada)",8.25,21/12/2022
208,"Salmon, Sixty South Fillet",12.57,21/12/2022
209,Black Sea Bass Fillet,29.73,21/12/2022
210,"Dover Sole, Fresh Fillet Wild",52.76,21/12/2022
211,"Meagre Fillet, Skin Off",21.25,21/12/2022
212,Kanpachi Fillet Skin On,30.14,21/12/2022
213,"Arctic Charr, Scale Gut",10.45,21/12/2022
214,"Bronzini, 400-600 S&G",8.99,21/12/2022
215,"Bronzini Fillet, 400-600gr  Farmed",19.95,21/12/2022
216,"Snapper 1-2, Whole S&G",11.65,21/12/2022
217,Trout Rainbow Head On,9.01,21/12/2022
218,Trout Rainbow 6-8 oz,11.44,21/12/2022
219,Mahi Mahi Fillet Skin Off,18.99,21/12/2022
220,Salmon Chile Fillet,10.98,21/12/2022
221,Salmon Fillet Skin Off,15.5,21/12/2022
222,Salmon Fillet Skin On,13.95,21/12/2022
223,Striped Bass Wild Fillet Lg Skin On,27.95,21/12/2022
224,"Bronzini, Fillet 600-800",19.95,21/12/2022
225,"Cod Loins, Icelandic MSC 20+",19.95,21/12/2022
226,Arctic Char Whole,9.95,21/12/2022
227,Arctic Char Fillet,19.95,21/12/2022
228,Halibut Fillet Skin Off,32.95,21/12/2022
229,"Flounder Fillet, Skin Off Hand Cut",24.95,21/12/2022
230,Snapper Fillet  American Red,29.98,21/12/2022
231,Salmon Irish Fillet,16.99,21/12/2022
232,Bronzini Whole  600-800 S&G,9.76,21/12/2022
233,Lane Snapper Fillet Skin On,20.98,21/12/2022
234,Tilapia Fillet 5/7 oz,8.1,21/12/2022
235,Tuna #1 Premium Loin Yellowfin,22.75,21/12/2022
236,Grouper Fillet Domestic,29.88,21/12/2022
237,Salmon Fillet Faroe Islands Skin On,15.73,21/12/2022
238,Salmon Verlasso Fillet ASC,13.41,21/12/2022
239,Striped Bass  Farmed Fillet,19.31,21/12/2022
240,Swordfish Loin,24.95,21/12/2022
241,Chilean Sea Bass Fillet Skin Off PF,37.95,21/12/2022
242,Salmon Loch Duart Fillet,16.95,21/12/2022
243,Tuna 2+ Premium Loin Yellowfin/Bigeye,15.42,21/12/2022
244,Bronzini Whole HEAD ON Butterfly,17.95,22/12/2022
245,"Salmon, Ora King Fillet",27.95,22/12/2022
246,Dover Sole Whole,17.85,22/12/2022
247,Salmon Wester Ross filet,16.72,22/12/2022
248,Salmon Norwegian Fillet,14.16,22/12/2022
249,"Salmon, Whole Scale Gut (Canada)",8.25,22/12/2022
250,"Salmon, Sixty South Fillet",12.57,22/12/2022
251,Black Sea Bass Fillet,29.73,22/12/2022
252,"Dover Sole, Fresh Fillet Wild",52.76,22/12/2022
253,"Meagre Fillet, Skin Off",21.25,22/12/2022
254,Kanpachi Fillet Skin On,30.14,22/12/2022
255,"Arctic Charr, Scale Gut",10.45,22/12/2022
256,"Bronzini, 400-600 S&G",8.99,22/12/2022
257,"Bronzini Fillet, 400-600gr  Farmed",19.95,22/12/2022
258,"Snapper 1-2, Whole S&G",11.65,22/12/2022
259,Trout Rainbow Head On,9.01,22/12/2022
260,Trout Rainbow 6-8 oz,11.44,22/12/2022
261,Mahi Mahi Fillet Skin Off,18.99,22/12/2022
262,Salmon Chile Fillet,10.98,22/12/2022
263,Salmon Fillet Skin Off,15.5,22/12/2022
264,Salmon Fillet Skin On,13.95,22/12/2022
265,Striped Bass Wild Fillet Lg Skin On,27.95,22/12/2022
266,"Bronzini, Fillet 600-800",19.95,22/12/2022
267,"Cod Loins, Icelandic MSC 20+",19.95,22/12/2022
268,Arctic Char Whole,9.95,22/12/2022
269,Arctic Char Fillet,19.95,22/12/2022
270,Halibut Fillet Skin Off,32.95,22/12/2022
271,"Flounder Fillet, Skin Off Hand Cut",24.95,22/12/2022
272,Snapper Fillet  American Red,29.98,22/12/2022
273,Salmon Irish Fillet,16.99,22/12/2022
274,Bronzini Whole  600-800 S&G,9.76,22/12/2022
275,Lane Snapper Fillet Skin On,20.98,22/12/2022
276,Tilapia Fillet 5/7 oz,8.1,22/12/2022
277,Tuna #1 Premium Loin Yellowfin,22.75,22/12/2022
278,Grouper Fillet Domestic,29.88,22/12/2022
279,Salmon Fillet Faroe Islands Skin On,15.73,22/12/2022
280,Salmon Verlasso Fillet ASC,13.41,22/12/2022
281,Striped Bass  Farmed Fillet,19.31,22/12/2022
282,Swordfish Loin,24.95,22/12/2022
283,Chilean Sea Bass Fillet Skin Off PF,37.95,22/12/2022
284,Salmon Loch Duart Fillet,16.95,22/12/2022
285,Tuna 2+ Premium Loin Yellowfin/Bigeye,15.42,22/12/2022
286,Bronzini Whole HEAD ON Butterfly,17.95,23/12/2022
287,"Salmon, Ora King Fillet",27.95,23/12/2022
288,Dover Sole Whole,17.85,23/12/2022
289,Salmon Wester Ross filet,16.72,23/12/2022
290,Salmon Norwegian Fillet,14.16,23/12/2022
291,"Salmon, Whole Scale Gut (Canada)",8.25,23/12/2022
292,"Salmon, Sixty South Fillet",12.57,23/12/2022
293,Black Sea Bass Fillet,29.73,23/12/2022
294,"Dover Sole, Fresh Fillet Wild",52.76,23/12/2022
295,"Meagre Fillet, Skin Off",21.25,23/12/2022
296,Kanpachi Fillet Skin On,30.14,23/12/2022
297,"Arctic Charr, Scale Gut",10.45,23/12/2022
298,"Bronzini, 400-600 S&G",8.99,23/12/2022
299,"Bronzini Fillet, 400-600gr  Farmed",19.95,23/12/2022
300,"Snapper 1-2, Whole S&G",11.65,23/12/2022
301,Trout Rainbow Head On,9.01,23/12/2022
302,Trout Rainbow 6-8 oz,11.44,23/12/2022
303,Mahi Mahi Fillet Skin Off,18.99,23/12/2022
304,Salmon Chile Fillet,10.98,23/12/2022
305,Salmon Fillet Skin Off,15.5,23/12/2022
306,Salmon Fillet Skin On,13.95,23/12/2022
307,Striped Bass Wild Fillet Lg Skin On,27.95,23/12/2022
308,"Bronzini, Fillet 600-800",19.95,23/12/2022
309,"Cod Loins, Icelandic MSC 20+",19.95,23/12/2022
310,Arctic Char Whole,9.95,23/12/2022
311,Arctic Char Fillet,19.95,23/12/2022
312,Halibut Fillet Skin Off,32.95,23/12/2022
313,"Flounder Fillet, Skin Off Hand Cut",24.95,23/12/2022
314,Snapper Fillet  American Red,29.98,23/12/2022
315,Salmon Irish Fillet,16.99,23/12/2022
316,Bronzini Whole  600-800 S&G,9.76,23/12/2022
317,Lane Snapper Fillet Skin On,20.98,23/12/2022
318,Tilapia Fillet 5/7 oz,8.1,23/12/2022
319,Tuna #1 Premium Loin Yellowfin,22.75,23/12/2022
320,Grouper Fillet Domestic,29.88,23/12/2022
321,Salmon Fillet Faroe Islands Skin On,15.73,23/12/2022
322,Salmon Verlasso Fillet ASC,13.41,23/12/2022
323,Striped Bass  Farmed Fillet,19.31,23/12/2022
324,Swordfish Loin,24.95,23/12/2022
325,Chilean Sea Bass Fillet Skin Off PF,37.95,23/12/2022
326,Salmon Loch Duart Fillet,16.95,23/12/2022
327,Tuna 2+ Premium Loin Yellowfin/Bigeye,15.42,23/12/2022
328,Bronzini Whole HEAD ON Butterfly,17.95,26/12/2022
329,"Salmon, Ora King Fillet",27.95,26/12/2022
330,Salmon Wester Ross filet,16.72,26/12/2022
331,Salmon Norwegian Fillet,13.44,26/12/2022
332,"Salmon, Whole Scale Gut (Canada)",8.25,26/12/2022
333,"Salmon, Sixty South Fillet",13.2,26/12/2022
334,Black Sea Bass Fillet,29.73,26/12/2022
335,"Meagre Fillet, Skin Off",21.25,26/12/2022
336,Kanpachi Fillet Skin On,30.14,26/12/2022
337,"Arctic Charr, Scale Gut",10.45,26/12/2022
338,"Bronzini, 400-600 S&G",8.99,26/12/2022
339,"Bronzini Fillet, 400-600gr  Farmed",19.95,26/12/2022
340,"Snapper 1-2, Whole S&G",11.65,26/12/2022
341,Trout Rainbow Head On,9.01,26/12/2022
342,Trout Rainbow 6-8 oz,11.44,26/12/2022
343,Mahi Mahi Fillet Skin Off,13.22,26/12/2022
344,Salmon Chile Fillet,10.7,26/12/2022
345,Salmon Fillet Skin Off,15.5,26/12/2022
346,Salmon Fillet Skin On,13.95,26/12/2022
347,Striped Bass Wild Fillet Lg Skin On,27.95,26/12/2022
348,"Bronzini, Fillet 600-800",19.95,26/12/2022
349,"Cod Loins, Icelandic MSC 20+",19.95,26/12/2022
350,Arctic Char Whole,9.95,26/12/2022
351,Arctic Char Fillet,19.95,26/12/2022
352,Halibut Fillet Skin Off,32.95,26/12/2022
353,"Flounder Fillet, Skin Off Hand Cut",24.95,26/12/2022
354,Snapper Fillet  American Red,25.14,26/12/2022
355,Salmon Irish Fillet,16.99,26/12/2022
356,Bronzini Whole  600-800 S&G,9.76,26/12/2022
357,Lane Snapper Fillet Skin On,20.31,26/12/2022
358,Tilapia Fillet 5/7 oz,8.1,26/12/2022
359,Tuna #1 Premium Loin Yellowfin,24.02,26/12/2022
360,Grouper Fillet Domestic,29.88,26/12/2022
361,Salmon Fillet Faroe Islands Skin On,15.73,26/12/2022
362,Salmon Verlasso Fillet ASC,13.41,26/12/2022
363,Striped Bass  Farmed Fillet,19.31,26/12/2022
364,Swordfish Loin,24.95,26/12/2022
365,Chilean Sea Bass Fillet Skin Off PF,37.95,26/12/2022
366,Salmon Loch Duart Fillet,16.95,26/12/2022
367,Tuna 2+ Premium Loin Yellowfin/Bigeye,15.42,26/12/2022
368,Bronzini Whole HEAD ON Butterfly,17.95,27/12/2022
369,"Salmon, Ora King Fillet",27.95,27/12/2022
370,Salmon Wester Ross filet,16.72,27/12/2022
371,Salmon Norwegian Fillet,13.44,27/12/2022
372,"Salmon, Whole Scale Gut (Canada)",8.25,27/12/2022
373,"Salmon, Sixty South Fillet",13.2,27/12/2022
374,Black Sea Bass Fillet,29.73,27/12/2022
375,"Meagre Fillet, Skin Off",21.25,27/12/2022
376,Kanpachi Fillet Skin On,30.14,27/12/2022
377,"Arctic Charr, Scale Gut",10.45,27/12/2022
378,"Bronzini, 400-600 S&G",8.99,27/12/2022
379,"Bronzini Fillet, 400-600gr  Farmed",19.95,27/12/2022
380,"Snapper 1-2, Whole S&G",11.65,27/12/2022
381,Trout Rainbow Head On,9.01,27/12/2022
382,Trout Rainbow 6-8 oz,11.44,27/12/2022
383,Mahi Mahi Fillet Skin Off,13.22,27/12/2022
384,Salmon Chile Fillet,10.7,27/12/2022
385,Salmon Fillet Skin Off,15.5,27/12/2022
386,Salmon Fillet Skin On,13.95,27/12/2022
387,Striped Bass Wild Fillet Lg Skin On,27.95,27/12/2022
388,"Bronzini, Fillet 600-800",19.95,27/12/2022
389,"Cod Loins, Icelandic MSC 20+",19.95,27/12/2022
390,Arctic Char Whole,9.95,27/12/2022
391,Arctic Char Fillet,19.95,27/12/2022
392,Halibut Fillet Skin Off,32.95,27/12/2022
393,"Flounder Fillet, Skin Off Hand Cut",24.95,27/12/2022
394,Snapper Fillet  American Red,25.14,27/12/2022
395,Salmon Irish Fillet,16.99,27/12/2022
396,Bronzini Whole  600-800 S&G,9.76,27/12/2022
397,Lane Snapper Fillet Skin On,20.31,27/12/2022
398,Tilapia Fillet 5/7 oz,8.1,27/12/2022
399,Tuna #1 Premium Loin Yellowfin,24.02,27/12/2022
400,Grouper Fillet Domestic,29.88,27/12/2022
401,Salmon Fillet Faroe Islands Skin On,15.73,27/12/2022
402,Salmon Verlasso Fillet ASC,13.41,27/12/2022
403,Striped Bass  Farmed Fillet,19.31,27/12/2022
404,Swordfish Loin,24.95,27/12/2022
405,Chilean Sea Bass Fillet Skin Off PF,37.95,27/12/2022
406,Salmon Loch Duart Fillet,16.95,27/12/2022
407,Tuna 2+ Premium Loin Yellowfin/Bigeye,15.42,27/12/2022
408,Bronzini Whole HEAD ON Butterfly,17.95,28/12/2022
409,"Salmon, Ora King Fillet",27.95,28/12/2022
410,Dover Sole Whole,17.85,28/12/2022
411,Salmon Wester Ross filet,16.72,28/12/2022
412,Salmon Norwegian Fillet,13.44,28/12/2022
413,"Salmon, Whole Scale Gut (Canada)",8.25,28/12/2022
414,"Salmon, Sixty South Fillet",13.2,28/12/2022
415,Black Sea Bass Fillet,29.73,28/12/2022
416,"Dover Sole, Fresh Fillet Wild",52.76,28/12/2022
417,"Meagre Fillet, Skin Off",21.25,28/12/2022
418,Kanpachi Fillet Skin On,30.14,28/12/2022
419,"Arctic Charr, Scale Gut",10.45,28/12/2022
420,"Bronzini, 400-600 S&G",8.99,28/12/2022
421,"Bronzini Fillet, 400-600gr  Farmed",19.95,28/12/2022
422,Trout Rainbow Head On,9.01,28/12/2022
423,Trout Rainbow 6-8 oz,11.44,28/12/2022
424,Mahi Mahi Fillet Skin Off,13.22,28/12/2022
425,Salmon Chile Fillet,10.7,28/12/2022
426,Salmon Fillet Skin Off,15.5,28/12/2022
427,Salmon Fillet Skin On,13.95,28/12/2022
428,Striped Bass Wild Fillet Lg Skin On,27.95,28/12/2022
429,"Bronzini, Fillet 600-800",19.95,28/12/2022
430,"Cod Loins, Icelandic MSC 20+",19.95,28/12/2022
431,Arctic Char Whole,9.95,28/12/2022
432,Arctic Char Fillet,19.95,28/12/2022
433,Halibut Fillet Skin Off,32.95,28/12/2022
434,"Flounder Fillet, Skin Off Hand Cut",24.95,28/12/2022
435,Snapper Fillet  American Red,25.14,28/12/2022
436,Salmon Irish Fillet,16.99,28/12/2022
437,Bronzini Whole  600-800 S&G,9.76,28/12/2022
438,Lane Snapper Fillet Skin On,20.31,28/12/2022
439,Tilapia Fillet 5/7 oz,8.1,28/12/2022
440,Tuna #1 Premium Loin Yellowfin,24.02,28/12/2022
441,Grouper Fillet Domestic,29.88,28/12/2022
442,Salmon Fillet Faroe Islands Skin On,15.73,28/12/2022
443,Salmon Verlasso Fillet ASC,13.41,28/12/2022
444,Striped Bass  Farmed Fillet,19.31,28/12/2022
445,Swordfish Loin,24.95,28/12/2022
446,Chilean Sea Bass Fillet Skin Off PF,37.95,28/12/2022
447,Salmon Loch Duart Fillet,16.95,28/12/2022
448,Tuna 2+ Premium Loin Yellowfin/Bigeye,15.42,28/12/2022
449,Bronzini Whole HEAD ON Butterfly,17.95,28/12/2022
450,"Salmon, Ora King Fillet",27.95,28/12/2022
451,Dover Sole Whole,17.85,28/12/2022
452,Salmon Wester Ross filet,16.72,28/12/2022
453,Salmon Norwegian Fillet,13.44,28/12/2022
454,"Salmon, Whole Scale Gut (Canada)",8.25,28/12/2022
455,"Salmon, Sixty South Fillet",13.2,28/12/2022
456,Black Sea Bass Fillet,29.73,28/12/2022
457,"Dover Sole, Fresh Fillet Wild",52.76,28/12/2022
458,"Meagre Fillet, Skin Off",21.25,28/12/2022
459,Kanpachi Fillet Skin On,30.14,28/12/2022
460,"Arctic Charr, Scale Gut",10.45,28/12/2022
461,"Bronzini, 400-600 S&G",8.99,28/12/2022
462,"Bronzini Fillet, 400-600gr  Farmed",19.95,28/12/2022
463,Trout Rainbow Head On,9.01,28/12/2022
464,Trout Rainbow 6-8 oz,11.44,28/12/2022
465,Mahi Mahi Fillet Skin Off,13.22,28/12/2022
466,Salmon Chile Fillet,10.7,28/12/2022
467,Salmon Fillet Skin Off,15.5,28/12/2022
468,Salmon Fillet Skin On,13.95,28/12/2022
469,Striped Bass Wild Fillet Lg Skin On,27.95,28/12/2022
470,"Bronzini, Fillet 600-800",19.95,28/12/2022
471,"Cod Loins, Icelandic MSC 20+",19.95,28/12/2022
472,Arctic Char Whole,9.95,28/12/2022
473,Arctic Char Fillet,19.95,28/12/2022
474,Halibut Fillet Skin Off,32.95,28/12/2022
475,"Flounder Fillet, Skin Off Hand Cut",24.95,28/12/2022
476,Snapper Fillet  American Red,25.14,28/12/2022
477,Salmon Irish Fillet,16.99,28/12/2022
478,Bronzini Whole  600-800 S&G,9.76,28/12/2022
479,Lane Snapper Fillet Skin On,20.31,28/12/2022
480,Tilapia Fillet 5/7 oz,8.1,28/12/2022
481,Tuna #1 Premium Loin Yellowfin,24.02,28/12/2022
482,Grouper Fillet Domestic,29.88,28/12/2022
483,Salmon Fillet Faroe Islands Skin On,15.73,28/12/2022
484,Salmon Verlasso Fillet ASC,13.41,28/12/2022
485,Striped Bass  Farmed Fillet,19.31,28/12/2022
486,Swordfish Loin,24.95,28/12/2022
487,Chilean Sea Bass Fillet Skin Off PF,37.95,28/12/2022
488,Salmon Loch Duart Fillet,16.95,28/12/2022
489,Tuna 2+ Premium Loin Yellowfin/Bigeye,15.42,28/12/2022
490,Bronzini Whole HEAD ON Butterfly,17.95,29/12/2022
491,"Salmon, Ora King Fillet",27.95,29/12/2022
492,Dover Sole Whole,17.85,29/12/2022
493,Salmon Wester Ross filet,16.72,29/12/2022
494,Salmon Norwegian Fillet,13.44,29/12/2022
495,"Salmon, Whole Scale Gut (Canada)",8.25,29/12/2022
496,"Salmon, Sixty South Fillet",13.2,29/12/2022
497,Black Sea Bass Fillet,29.73,29/12/2022
498,"Dover Sole, Fresh Fillet Wild",52.76,29/12/2022
499,"Meagre Fillet, Skin Off",21.25,29/12/2022
500,Kanpachi Fillet Skin On,30.14,29/12/2022
501,"Arctic Charr, Scale Gut",10.45,29/12/2022
502,"Bronzini, 400-600 S&G",8.99,29/12/2022
503,"Bronzini Fillet, 400-600gr  Farmed",19.95,29/12/2022
504,"Snapper 1-2, Whole S&G",11.65,29/12/2022
505,Trout Rainbow Head On,9.01,29/12/2022
506,Trout Rainbow 6-8 oz,11.44,29/12/2022
507,Mahi Mahi Fillet Skin Off,13.22,29/12/2022
508,Salmon Chile Fillet,10.7,29/12/2022
509,Salmon Fillet Skin Off,15.5,29/12/2022
510,Salmon Fillet Skin On,13.95,29/12/2022
511,Striped Bass Wild Fillet Lg Skin On,27.95,29/12/2022
512,"Bronzini, Fillet 600-800",19.95,29/12/2022
513,"Cod Loins, Icelandic MSC 20+",19.95,29/12/2022
514,Arctic Char Whole,9.95,29/12/2022
515,Arctic Char Fillet,19.95,29/12/2022
516,Halibut Fillet Skin Off,33.95,29/12/2022
517,"Flounder Fillet, Skin Off Hand Cut",24.95,29/12/2022
518,Snapper Fillet  American Red,25.14,29/12/2022
519,Salmon Irish Fillet,16.99,29/12/2022
520,Bronzini Whole  600-800 S&G,9.76,29/12/2022
521,Lane Snapper Fillet Skin On,20.31,29/12/2022
522,Tilapia Fillet 5/7 oz,8.1,29/12/2022
523,Tuna #1 Premium Loin Yellowfin,24.02,29/12/2022
524,Grouper Fillet Domestic,29.88,29/12/2022
525,Salmon Fillet Faroe Islands Skin On,15.73,29/12/2022
526,Salmon Verlasso Fillet ASC,13.41,29/12/2022
527,Striped Bass  Farmed Fillet,19.31,29/12/2022
528,Swordfish Loin,24.95,29/12/2022
529,Chilean Sea Bass Fillet Skin Off PF,37.95,29/12/2022
530,Salmon Loch Duart Fillet,16.95,29/12/2022
531,Tuna 2+ Premium Loin Yellowfin/Bigeye,15.42,29/12/2022
532,Bronzini Whole HEAD ON Butterfly,17.95,30/12/2022
533,"Salmon, Ora King Fillet",27.95,30/12/2022
534,Salmon Norwegian Fillet,13.44,30/12/2022
535,"Salmon, Whole Scale Gut (Canada)",8.25,30/12/2022
536,"Salmon, Sixty South Fillet",13.2,30/12/2022
537,Black Sea Bass Fillet,29.73,30/12/2022
538,"Meagre Fillet, Skin Off",21.25,30/12/2022
539,Kanpachi Fillet Skin On,30.14,30/12/2022
540,"Arctic Charr, Scale Gut",10.45,30/12/2022
541,"Bronzini, 400-600 S&G",8.99,30/12/2022
542,"Bronzini Fillet, 400-600gr  Farmed",19.95,30/12/2022
543,Trout Rainbow Head On,9.01,30/12/2022
544,Trout Rainbow 6-8 oz,11.44,30/12/2022
545,Mahi Mahi Fillet Skin Off,13.22,30/12/2022
546,Salmon Chile Fillet,10.7,30/12/2022
547,Salmon Fillet Skin Off,15.5,30/12/2022
548,Salmon Fillet Skin On,13.95,30/12/2022
549,Striped Bass Wild Fillet Lg Skin On,27.95,30/12/2022
550,"Bronzini, Fillet 600-800",19.95,30/12/2022
551,"Cod Loins, Icelandic MSC 20+",19.95,30/12/2022
552,Arctic Char Whole,9.95,30/12/2022
553,Arctic Char Fillet,19.95,30/12/2022
554,Halibut Fillet Skin Off,33.95,30/12/2022
555,"Flounder Fillet, Skin Off Hand Cut",24.95,30/12/2022
556,Snapper Fillet  American Red,25.14,30/12/2022
557,Salmon Irish Fillet,16.99,30/12/2022
558,Bronzini Whole  600-800 S&G,9.76,30/12/2022
559,Lane Snapper Fillet Skin On,20.31,30/12/2022
560,Tilapia Fillet 5/7 oz,8.1,30/12/2022
561,Tuna #1 Premium Loin Yellowfin,24.02,30/12/2022
562,Grouper Fillet Domestic,29.88,30/12/2022
563,Salmon Fillet Faroe Islands Skin On,15.73,30/12/2022
564,Salmon Verlasso Fillet ASC,13.41,30/12/2022
565,Striped Bass  Farmed Fillet,19.31,30/12/2022
566,Swordfish Loin,24.95,30/12/2022
567,Chilean Sea Bass Fillet Skin Off PF,37.95,30/12/2022
568,Salmon Loch Duart Fillet,16.95,30/12/2022
569,Tuna 2+ Premium Loin Yellowfin/Bigeye,15.42,30/12/2022
570,Bronzini Whole HEAD ON Butterfly,17.95,30/12/2022
571,"Salmon, Ora King Fillet",27.95,30/12/2022
572,Salmon Norwegian Fillet,13.44,30/12/2022
573,"Salmon, Whole Scale Gut (Canada)",8.25,30/12/2022
574,"Salmon, Sixty South Fillet",13.2,30/12/2022
575,Black Sea Bass Fillet,29.73,30/12/2022
576,"Meagre Fillet, Skin Off",21.25,30/12/2022
577,Kanpachi Fillet Skin On,30.14,30/12/2022
578,"Arctic Charr, Scale Gut",10.45,30/12/2022
579,"Bronzini, 400-600 S&G",8.99,30/12/2022
580,"Bronzini Fillet, 400-600gr  Farmed",19.95,30/12/2022
581,Trout Rainbow Head On,9.01,30/12/2022
582,Trout Rainbow 6-8 oz,11.44,30/12/2022
583,Mahi Mahi Fillet Skin Off,13.22,30/12/2022
584,Salmon Chile Fillet,10.7,30/12/2022
585,Salmon Fillet Skin Off,15.5,30/12/2022
586,Salmon Fillet Skin On,13.95,30/12/2022
587,Striped Bass Wild Fillet Lg Skin On,27.95,30/12/2022
588,"Bronzini, Fillet 600-800",19.95,30/12/2022
589,"Cod Loins, Icelandic MSC 20+",19.95,30/12/2022
590,Arctic Char Whole,9.95,30/12/2022
591,Arctic Char Fillet,19.95,30/12/2022
592,Halibut Fillet Skin Off,33.95,30/12/2022
593,"Flounder Fillet, Skin Off Hand Cut",24.95,30/12/2022
594,Snapper Fillet  American Red,25.14,30/12/2022
595,Salmon Irish Fillet,16.99,30/12/2022
596,Bronzini Whole  600-800 S&G,9.76,30/12/2022
597,Lane Snapper Fillet Skin On,20.31,30/12/2022
598,Tilapia Fillet 5/7 oz,8.1,30/12/2022
599,Tuna #1 Premium Loin Yellowfin,24.02,30/12/2022
600,Grouper Fillet Domestic,29.88,30/12/2022
601,Salmon Fillet Faroe Islands Skin On,15.73,30/12/2022
602,Salmon Verlasso Fillet ASC,13.41,30/12/2022
603,Striped Bass  Farmed Fillet,19.31,30/12/2022
604,Swordfish Loin,24.95,30/12/2022
605,Chilean Sea Bass Fillet Skin Off PF,37.95,30/12/2022
606,Salmon Loch Duart Fillet,16.95,30/12/2022
607,Tuna 2+ Premium Loin Yellowfin/Bigeye,15.42,30/12/2022
608,Bronzini Whole HEAD ON Butterfly,17.95,31/12/2022
609,"Salmon, Ora King Fillet",27.95,31/12/2022
610,Salmon Norwegian Fillet,13.44,31/12/2022
611,"Salmon, Whole Scale Gut (Canada)",8.25,31/12/2022
612,"Salmon, Sixty South Fillet",13.2,31/12/2022
613,Black Sea Bass Fillet,29.73,31/12/2022
614,"Meagre Fillet, Skin Off",21.25,31/12/2022
615,Kanpachi Fillet Skin On,30.14,31/12/2022
616,"Arctic Charr, Scale Gut",10.45,31/12/2022
617,"Bronzini, 400-600 S&G",8.99,31/12/2022
618,"Bronzini Fillet, 400-600gr  Farmed",19.95,31/12/2022
619,"Snapper 1-2, Whole S&G",11.65,31/12/2022
620,Trout Rainbow Head On,9.01,31/12/2022
621,Trout Rainbow 6-8 oz,11.44,31/12/2022
622,Mahi Mahi Fillet Skin Off,13.22,31/12/2022
623,Salmon Chile Fillet,10.7,31/12/2022
624,Salmon Fillet Skin Off,15.5,31/12/2022
625,Salmon Fillet Skin On,13.95,31/12/2022
626,Striped Bass Wild Fillet Lg Skin On,27.95,31/12/2022
627,"Bronzini, Fillet 600-800",19.95,31/12/2022
628,"Cod Loins, Icelandic MSC 20+",19.95,31/12/2022
629,Arctic Char Whole,9.95,31/12/2022
630,Arctic Char Fillet,19.95,31/12/2022
631,Halibut Fillet Skin Off,33.95,31/12/2022
632,"Flounder Fillet, Skin Off Hand Cut",24.95,31/12/2022
633,Snapper Fillet  American Red,25.14,31/12/2022
634,Salmon Irish Fillet,16.99,31/12/2022
635,Bronzini Whole  600-800 S&G,9.76,31/12/2022
636,Lane Snapper Fillet Skin On,20.31,31/12/2022
637,Tilapia Fillet 5/7 oz,8.1,31/12/2022
638,Tuna #1 Premium Loin Yellowfin,24.02,31/12/2022
639,Grouper Fillet Domestic,29.88,31/12/2022
640,Salmon Fillet Faroe Islands Skin On,15.73,31/12/2022
641,Salmon Verlasso Fillet ASC,13.41,31/12/2022
642,Striped Bass  Farmed Fillet,19.31,31/12/2022
643,Swordfish Loin,24.95,31/12/2022
644,Chilean Sea Bass Fillet Skin Off PF,37.95,31/12/2022
645,Salmon Loch Duart Fillet,16.95,31/12/2022
646,Tuna 2+ Premium Loin Yellowfin/Bigeye,15.42,31/12/2022
647,Bronzini Whole HEAD ON Butterfly,17.95,02/01/2023
648,"Salmon, Ora King Fillet",27.95,02/01/2023
649,Salmon Norwegian Fillet,13.44,02/01/2023
650,"Salmon, Whole Scale Gut (Canada)",8.25,02/01/2023
651,"Salmon, Sixty South Fillet",13.2,02/01/2023
652,Black Sea Bass Fillet,38.02,02/01/2023
653,"Meagre Fillet, Skin Off",21.25,02/01/2023
654,Kanpachi Fillet Skin On,30.14,02/01/2023
655,"Arctic Charr, Scale Gut",10.45,02/01/2023
656,"Bronzini, 400-600 S&G",8.98,02/01/2023
657,"Bronzini Fillet, 400-600gr  Farmed",19.95,02/01/2023
658,"Snapper 1-2, Whole S&G",11.65,02/01/2023
659,Trout Rainbow Head On,9.01,02/01/2023
660,Trout Rainbow 6-8 oz,11.44,02/01/2023
661,Mahi Mahi Fillet Skin Off,13.22,02/01/2023
662,Salmon Chile Fillet,10.7,02/01/2023
663,Salmon Fillet Skin Off,15.5,02/01/2023
664,Salmon Fillet Skin On,13.95,02/01/2023
665,Striped Bass Wild Fillet Lg Skin On,27.95,02/01/2023
666,"Bronzini, Fillet 600-800",19.95,02/01/2023
667,"Cod Loins, Icelandic MSC 20+",19.95,02/01/2023
668,Arctic Char Whole,9.95,02/01/2023
669,Arctic Char Fillet,19.95,02/01/2023
670,Halibut Fillet Skin Off,33.95,02/01/2023
671,"Flounder Fillet, Skin Off Hand Cut",26.6,02/01/2023
672,Snapper Fillet  American Red,24.31,02/01/2023
673,Salmon Irish Fillet,16.99,02/01/2023
674,Bronzini Whole  600-800 S&G,9.8,02/01/2023
675,Lane Snapper Fillet Skin On,20.31,02/01/2023
676,Tilapia Fillet 5/7 oz,8.1,02/01/2023
677,Tuna #1 Premium Loin Yellowfin,24.66,02/01/2023
678,Grouper Fillet Domestic,29.88,02/01/2023
679,Salmon Fillet Faroe Islands Skin On,13.61,02/01/2023
680,Salmon Verlasso Fillet ASC,13.41,02/01/2023
681,Striped Bass  Farmed Fillet,19.31,02/01/2023
682,Swordfish Loin,15.69,02/01/2023
683,Chilean Sea Bass Fillet Skin Off PF,37.95,02/01/2023
684,Salmon Loch Duart Fillet,16.95,02/01/2023
685,Tuna 2+ Premium Loin Yellowfin/Bigeye,15.42,02/01/2023
686,Bronzini Whole HEAD ON Butterfly,17.95,03/01/2023
687,"Salmon, Ora King Fillet",26.95,03/01/2023
688,Salmon Wester Ross filet,16.72,03/01/2023
689,Salmon Norwegian Fillet,13.44,03/01/2023
690,"Salmon, Whole Scale Gut (Canada)",8.25,03/01/2023
691,"Salmon, Sixty South Fillet",13.2,03/01/2023
692,Black Sea Bass Fillet,38.02,03/01/2023
693,"Meagre Fillet, Skin Off",21.25,03/01/2023
694,Kanpachi Fillet Skin On,30.14,03/01/2023
695,"Arctic Charr, Scale Gut",10.45,03/01/2023
696,"Bronzini, 400-600 S&G",8.98,03/01/2023
697,"Bronzini Fillet, 400-600gr  Farmed",19.95,03/01/2023
698,"Snapper 1-2, Whole S&G",11.65,03/01/2023
699,Trout Rainbow Head On,9.01,03/01/2023
700,Trout Rainbow 6-8 oz,11.44,03/01/2023
701,Mahi Mahi Fillet Skin Off,16.95,03/01/2023
702,Salmon Chile Fillet,10.7,03/01/2023
703,Salmon Fillet Skin Off,15.5,03/01/2023
704,Salmon Fillet Skin On,13.95,03/01/2023
705,Striped Bass Wild Fillet Lg Skin On,19.95,03/01/2023
706,"Bronzini, Fillet 600-800",18.95,03/01/2023
707,"Cod Loins, Icelandic MSC 20+",19.95,03/01/2023
708,Arctic Char Whole,9.95,03/01/2023
709,Arctic Char Fillet,17.95,03/01/2023
710,Halibut Fillet Skin Off,33.95,03/01/2023
711,"Flounder Fillet, Skin Off Hand Cut",26.6,03/01/2023
712,Snapper Fillet  American Red,24.31,03/01/2023
713,Salmon Irish Fillet,16.99,03/01/2023
714,Bronzini Whole  600-800 S&G,9.8,03/01/2023
715,Lane Snapper Fillet Skin On,20.31,03/01/2023
716,Tilapia Fillet 5/7 oz,8.1,03/01/2023
717,Tuna #1 Premium Loin Yellowfin,24.66,03/01/2023
718,Grouper Fillet Domestic,29.88,03/01/2023
719,Salmon Fillet Faroe Islands Skin On,13.61,03/01/2023
720,Salmon Verlasso Fillet ASC,13.41,03/01/2023
721,Striped Bass  Farmed Fillet,19.31,03/01/2023
722,Swordfish Loin,15.69,03/01/2023
723,Chilean Sea Bass Fillet Skin Off PF,37.95,03/01/2023
724,Salmon Loch Duart Fillet,16.95,03/01/2023
725,Tuna 2+ Premium Loin Yellowfin/Bigeye,15.42,03/01/2023
726,Bronzini Whole HEAD ON Butterfly,17.95,04/01/2023
727,"Salmon, Ora King Fillet",26.95,04/01/2023
728,Dover Sole Whole,17.85,04/01/2023
729,Salmon Wester Ross filet,16.72,04/01/2023
730,Salmon Norwegian Fillet,13.44,04/01/2023
731,"Salmon, Whole Scale Gut (Canada)",8.25,04/01/2023
732,"Salmon, Sixty South Fillet",13.2,04/01/2023
733,Black Sea Bass Fillet,38.02,04/01/2023
734,"Dover Sole, Fresh Fillet Wild",52.76,04/01/2023
735,"Meagre Fillet, Skin Off",21.25,04/01/2023
736,Kanpachi Fillet Skin On,30.14,04/01/2023
737,"Arctic Charr, Scale Gut",10.45,04/01/2023
738,"Bronzini, 400-600 S&G",8.98,04/01/2023
739,"Bronzini Fillet, 400-600gr  Farmed",19.95,04/01/2023
740,"Snapper 1-2, Whole S&G",11.65,04/01/2023
741,Trout Rainbow Head On,9.01,04/01/2023
742,Trout Rainbow 6-8 oz,11.44,04/01/2023
743,Mahi Mahi Fillet Skin Off,16.95,04/01/2023
744,Salmon Chile Fillet,10.7,04/01/2023
745,Salmon Fillet Skin Off,15.5,04/01/2023
746,Salmon Fillet Skin On,13.95,04/01/2023
747,Striped Bass Wild Fillet Lg Skin On,19.95,04/01/2023
748,"Bronzini, Fillet 600-800",18.95,04/01/2023
749,"Cod Loins, Icelandic MSC 20+",19.95,04/01/2023
750,Arctic Char Whole,9.95,04/01/2023
751,Arctic Char Fillet,17.95,04/01/2023
752,Halibut Fillet Skin Off,33.95,04/01/2023
753,"Flounder Fillet, Skin Off Hand Cut",26.6,04/01/2023
754,Snapper Fillet  American Red,24.31,04/01/2023
755,Salmon Irish Fillet,16.99,04/01/2023
756,Bronzini Whole  600-800 S&G,9.8,04/01/2023
757,Lane Snapper Fillet Skin On,20.31,04/01/2023
758,Tilapia Fillet 5/7 oz,8.1,04/01/2023
759,Tuna #1 Premium Loin Yellowfin,24.66,04/01/2023
760,Grouper Fillet Domestic,29.88,04/01/2023
761,Salmon Fillet Faroe Islands Skin On,13.61,04/01/2023
762,Salmon Verlasso Fillet ASC,13.41,04/01/2023
763,Striped Bass  Farmed Fillet,19.31,04/01/2023
764,Swordfish Loin,15.69,04/01/2023
765,Chilean Sea Bass Fillet Skin Off PF,37.95,04/01/2023
766,Salmon Loch Duart Fillet,16.95,04/01/2023
767,Tuna 2+ Premium Loin Yellowfin/Bigeye,15.42,04/01/2023
768,Bronzini Whole HEAD ON Butterfly,17.95,04/01/2023
769,"Salmon, Ora King Fillet",26.95,04/01/2023
770,Dover Sole Whole,17.85,04/01/2023
771,Salmon Wester Ross filet,16.72,04/01/2023
772,Salmon Norwegian Fillet,13.44,04/01/2023
773,"Salmon, Whole Scale Gut (Canada)",8.25,04/01/2023
774,"Salmon, Sixty South Fillet",13.2,04/01/2023
775,Black Sea Bass Fillet,38.02,04/01/2023
776,"Dover Sole, Fresh Fillet Wild",52.76,04/01/2023
777,"Meagre Fillet, Skin Off",21.25,04/01/2023
778,Kanpachi Fillet Skin On,30.14,04/01/2023
779,"Arctic Charr, Scale Gut",10.45,04/01/2023
780,"Bronzini, 400-600 S&G",8.98,04/01/2023
781,"Bronzini Fillet, 400-600gr  Farmed",19.95,04/01/2023
782,"Snapper 1-2, Whole S&G",11.65,04/01/2023
783,Trout Rainbow Head On,9.01,04/01/2023
784,Trout Rainbow 6-8 oz,11.44,04/01/2023
785,Mahi Mahi Fillet Skin Off,16.95,04/01/2023
786,Salmon Chile Fillet,10.7,04/01/2023
787,Salmon Fillet Skin Off,15.5,04/01/2023
788,Salmon Fillet Skin On,13.95,04/01/2023
789,Striped Bass Wild Fillet Lg Skin On,19.95,04/01/2023
790,"Bronzini, Fillet 600-800",18.95,04/01/2023
791,"Cod Loins, Icelandic MSC 20+",19.95,04/01/2023
792,Arctic Char Whole,9.95,04/01/2023
793,Arctic Char Fillet,17.95,04/01/2023
794,Halibut Fillet Skin Off,33.95,04/01/2023
795,"Flounder Fillet, Skin Off Hand Cut",26.6,04/01/2023
796,Snapper Fillet  American Red,24.31,04/01/2023
797,Salmon Irish Fillet,16.99,04/01/2023
798,Bronzini Whole  600-800 S&G,9.8,04/01/2023
799,Lane Snapper Fillet Skin On,20.31,04/01/2023
800,Tilapia Fillet 5/7 oz,8.1,04/01/2023
801,Tuna #1 Premium Loin Yellowfin,24.66,04/01/2023
802,Grouper Fillet Domestic,29.88,04/01/2023
803,Salmon Fillet Faroe Islands Skin On,13.61,04/01/2023
804,Salmon Verlasso Fillet ASC,13.41,04/01/2023
805,Striped Bass  Farmed Fillet,19.31,04/01/2023
806,Swordfish Loin,15.69,04/01/2023
807,Chilean Sea Bass Fillet Skin Off PF,37.95,04/01/2023
808,Salmon Loch Duart Fillet,16.95,04/01/2023
809,Tuna 2+ Premium Loin Yellowfin/Bigeye,15.42,04/01/2023
810,Bronzini Whole HEAD ON Butterfly,17.95,05/01/2023
811,"Salmon, Ora King Fillet",26.95,05/01/2023
812,Dover Sole Whole,17.85,05/01/2023
813,Salmon Wester Ross filet,16.72,05/01/2023
814,Salmon Norwegian Fillet,13.44,05/01/2023
815,"Salmon, Whole Scale Gut (Canada)",8.25,05/01/2023
816,"Salmon, Sixty South Fillet",13.2,05/01/2023
817,Black Sea Bass Fillet,38.02,05/01/2023
818,"Dover Sole, Fresh Fillet Wild",52.76,05/01/2023
819,"Meagre Fillet, Skin Off",21.25,05/01/2023
820,Kanpachi Fillet Skin On,30.14,05/01/2023
821,"Arctic Charr, Scale Gut",10.45,05/01/2023
822,"Bronzini, 400-600 S&G",8.98,05/01/2023
823,"Bronzini Fillet, 400-600gr  Farmed",19.95,05/01/2023
824,"Snapper 1-2, Whole S&G",11.65,05/01/2023
825,Trout Rainbow Head On,9.01,05/01/2023
826,Trout Rainbow 6-8 oz,11.44,05/01/2023
827,Mahi Mahi Fillet Skin Off,16.95,05/01/2023
828,Salmon Chile Fillet,10.7,05/01/2023
829,Salmon Fillet Skin Off,15.5,05/01/2023
830,Salmon Fillet Skin On,13.95,05/01/2023
831,Striped Bass Wild Fillet Lg Skin On,19.95,05/01/2023
832,"Bronzini, Fillet 600-800",18.95,05/01/2023
833,"Cod Loins, Icelandic MSC 20+",19.95,05/01/2023
834,Arctic Char Whole,9.95,05/01/2023
835,Arctic Char Fillet,17.95,05/01/2023
836,Halibut Fillet Skin Off,33.95,05/01/2023
837,"Flounder Fillet, Skin Off Hand Cut",26.6,05/01/2023
838,Snapper Fillet  American Red,24.31,05/01/2023
839,Salmon Irish Fillet,16.99,05/01/2023
840,Bronzini Whole  600-800 S&G,9.8,05/01/2023
841,Lane Snapper Fillet Skin On,20.31,05/01/2023
842,Tilapia Fillet 5/7 oz,8.1,05/01/2023
843,Tuna #1 Premium Loin Yellowfin,24.66,05/01/2023
844,Grouper Fillet Domestic,29.88,05/01/2023
845,Salmon Fillet Faroe Islands Skin On,13.61,05/01/2023
846,Salmon Verlasso Fillet ASC,13.41,05/01/2023
847,Striped Bass  Farmed Fillet,19.31,05/01/2023
848,Swordfish Loin,15.69,05/01/2023
849,Chilean Sea Bass Fillet Skin Off PF,37.95,05/01/2023
850,Salmon Loch Duart Fillet,16.95,05/01/2023
851,Tuna 2+ Premium Loin Yellowfin/Bigeye,15.42,05/01/2023
852,Bronzini Whole HEAD ON Butterfly,17.95,06/01/2023
853,Dover Sole Whole,17.85,06/01/2023
854,Salmon Wester Ross filet,16.72,06/01/2023
855,Salmon Norwegian Fillet,13.44,06/01/2023
856,"Salmon, Whole Scale Gut (Canada)",8.25,06/01/2023
857,"Salmon, Sixty South Fillet",13.2,06/01/2023
858,Black Sea Bass Fillet,38.02,06/01/2023
859,"Dover Sole, Fresh Fillet Wild",52.76,06/01/2023
860,"Meagre Fillet, Skin Off",21.25,06/01/2023
861,Kanpachi Fillet Skin On,30.14,06/01/2023
862,"Arctic Charr, Scale Gut",10.45,06/01/2023
863,"Bronzini, 400-600 S&G",8.98,06/01/2023
864,"Bronzini Fillet, 400-600gr  Farmed",19.95,06/01/2023
865,"Snapper 1-2, Whole S&G",11.65,06/01/2023
866,Trout Rainbow Head On,9.01,06/01/2023
867,Trout Rainbow 6-8 oz,11.44,06/01/2023
868,Mahi Mahi Fillet Skin Off,16.95,06/01/2023
869,Salmon Chile Fillet,10.7,06/01/2023
870,Salmon Fillet Skin Off,15.5,06/01/2023
871,Salmon Fillet Skin On,13.95,06/01/2023
872,Striped Bass Wild Fillet Lg Skin On,19.95,06/01/2023
873,"Bronzini, Fillet 600-800",18.95,06/01/2023
874,"Cod Loins, Icelandic MSC 20+",19.95,06/01/2023
875,Arctic Char Whole,9.95,06/01/2023
876,Arctic Char Fillet,17.95,06/01/2023
877,Halibut Fillet Skin Off,33.95,06/01/2023
878,"Flounder Fillet, Skin Off Hand Cut",26.6,06/01/2023
879,Snapper Fillet  American Red,24.31,06/01/2023
880,Salmon Irish Fillet,16.99,06/01/2023
881,Bronzini Whole  600-800 S&G,9.8,06/01/2023
882,Lane Snapper Fillet Skin On,20.31,06/01/2023
883,Tilapia Fillet 5/7 oz,8.1,06/01/2023
884,Tuna #1 Premium Loin Yellowfin,24.66,06/01/2023
885,Grouper Fillet Domestic,29.88,06/01/2023
886,Salmon Fillet Faroe Islands Skin On,13.61,06/01/2023
887,Salmon Verlasso Fillet ASC,13.41,06/01/2023
888,Striped Bass  Farmed Fillet,19.31,06/01/2023
889,Swordfish Loin,15.69,06/01/2023
890,Chilean Sea Bass Fillet Skin Off PF,37.95,06/01/2023
891,Salmon Loch Duart Fillet,16.95,06/01/2023
892,Tuna 2+ Premium Loin Yellowfin/Bigeye,15.42,06/01/2023
893,Bronzini Whole HEAD ON Butterfly,17.95,09/01/2023
894,"Salmon, Ora King Fillet",27.95,09/01/2023
895,Salmon Wester Ross filet,16.72,09/01/2023
896,Salmon Norwegian Fillet,13.44,09/01/2023
897,"Salmon, Whole Scale Gut (Canada)",8.25,09/01/2023
898,"Salmon, Sixty South Fillet",13.2,09/01/2023
899,Black Sea Bass Fillet,38.02,09/01/2023
900,Kanpachi Fillet Skin On,30.14,09/01/2023
901,"Arctic Charr, Scale Gut",10.45,09/01/2023
902,"Bronzini, 400-600 S&G",8.98,09/01/2023
903,"Bronzini Fillet, 400-600gr  Farmed",19.95,09/01/2023
904,"Snapper 1-2, Whole S&G",11.8,09/01/2023
905,Trout Rainbow Head On,9.01,09/01/2023
906,Trout Rainbow 6-8 oz,11.44,09/01/2023
907,Mahi Mahi Fillet Skin Off,18.95,09/01/2023
908,Salmon Chile Fillet,10.7,09/01/2023
909,Salmon Fillet Skin Off,15.5,09/01/2023
910,Salmon Fillet Skin On,13.95,09/01/2023
911,Striped Bass Wild Fillet Lg Skin On,24.95,09/01/2023
912,"Bronzini, Fillet 600-800",19.95,09/01/2023
913,"Cod Loins, Icelandic MSC 20+",19.95,09/01/2023
914,Arctic Char Whole,9.95,09/01/2023
915,Arctic Char Fillet,19.95,09/01/2023
916,Halibut Fillet Skin Off,33.95,09/01/2023
917,"Flounder Fillet, Skin Off Hand Cut",22.4,09/01/2023
918,Snapper Fillet  American Red,24.31,09/01/2023
919,Salmon Irish Fillet,16.99,09/01/2023
920,Bronzini Whole  600-800 S&G,9.8,09/01/2023
921,Lane Snapper Fillet Skin On,22.64,09/01/2023
922,Tilapia Fillet 5/7 oz,8.1,09/01/2023
923,Tuna #1 Premium Loin Yellowfin,34.84,09/01/2023
924,Salmon Fillet Faroe Islands Skin On,16.89,09/01/2023
925,Salmon Verlasso Fillet ASC,13.41,09/01/2023
926,Striped Bass  Farmed Fillet,19.31,09/01/2023
927,Swordfish Loin,16.95,09/01/2023
928,Chilean Sea Bass Fillet Skin Off PF,37.95,09/01/2023
929,Salmon Loch Duart Fillet,16.95,09/01/2023
930,Tuna 2+ Premium Loin Yellowfin/Bigeye,26.91,09/01/2023
931,Bronzini Whole HEAD ON Butterfly,17.95,09/01/2023
932,"Salmon, Ora King Fillet",27.95,09/01/2023
933,Salmon Wester Ross filet,16.72,09/01/2023
934,Salmon Norwegian Fillet,13.44,09/01/2023
935,"Salmon, Whole Scale Gut (Canada)",8.25,09/01/2023
936,"Salmon, Sixty South Fillet",13.2,09/01/2023
937,Black Sea Bass Fillet,38.02,09/01/2023
938,Kanpachi Fillet Skin On,30.14,09/01/2023
939,"Arctic Charr, Scale Gut",10.45,09/01/2023
940,"Bronzini, 400-600 S&G",8.98,09/01/2023
941,"Bronzini Fillet, 400-600gr  Farmed",19.95,09/01/2023
942,"Snapper 1-2, Whole S&G",11.8,09/01/2023
943,Trout Rainbow Head On,9.01,09/01/2023
944,Trout Rainbow 6-8 oz,11.44,09/01/2023
945,Mahi Mahi Fillet Skin Off,18.95,09/01/2023
946,Salmon Chile Fillet,10.7,09/01/2023
947,Salmon Fillet Skin Off,15.5,09/01/2023
948,Salmon Fillet Skin On,13.95,09/01/2023
949,Striped Bass Wild Fillet Lg Skin On,24.95,09/01/2023
950,"Bronzini, Fillet 600-800",19.95,09/01/2023
951,"Cod Loins, Icelandic MSC 20+",19.95,09/01/2023
952,Arctic Char Whole,9.95,09/01/2023
953,Arctic Char Fillet,19.95,09/01/2023
954,Halibut Fillet Skin Off,33.95,09/01/2023
955,"Flounder Fillet, Skin Off Hand Cut",22.4,09/01/2023
956,Snapper Fillet  American Red,24.31,09/01/2023
957,Salmon Irish Fillet,16.99,09/01/2023
958,Bronzini Whole  600-800 S&G,9.8,09/01/2023
959,Lane Snapper Fillet Skin On,22.64,09/01/2023
960,Tilapia Fillet 5/7 oz,8.1,09/01/2023
961,Tuna #1 Premium Loin Yellowfin,34.84,09/01/2023
962,Salmon Fillet Faroe Islands Skin On,16.89,09/01/2023
963,Salmon Verlasso Fillet ASC,13.41,09/01/2023
964,Striped Bass  Farmed Fillet,19.31,09/01/2023
965,Swordfish Loin,16.95,09/01/2023
966,Chilean Sea Bass Fillet Skin Off PF,37.95,09/01/2023
967,Salmon Loch Duart Fillet,16.95,09/01/2023
968,Tuna 2+ Premium Loin Yellowfin/Bigeye,26.91,09/01/2023
969,Bronzini Whole HEAD ON Butterfly,17.95,10/01/2023
970,"Salmon, Ora King Fillet",27.95,10/01/2023
971,Dover Sole Whole,17.85,10/01/2023
972,Salmon Wester Ross filet,16.72,10/01/2023
973,Salmon Norwegian Fillet,13.44,10/01/2023
974,"Salmon, Whole Scale Gut (Canada)",8.25,10/01/2023
975,"Salmon, Sixty South Fillet",13.2,10/01/2023
976,Black Sea Bass Fillet,38.02,10/01/2023
977,"Dover Sole, Fresh Fillet Wild",52.76,10/01/2023
978,Kanpachi Fillet Skin On,30.14,10/01/2023
979,"Arctic Charr, Scale Gut",10.45,10/01/2023
980,"Bronzini, 400-600 S&G",8.98,10/01/2023
981,"Bronzini Fillet, 400-600gr  Farmed",19.95,10/01/2023
982,"Snapper 1-2, Whole S&G",11.8,10/01/2023
983,Trout Rainbow Head On,9.01,10/01/2023
984,Trout Rainbow 6-8 oz,12.99,10/01/2023
985,Mahi Mahi Fillet Skin Off,17.95,10/01/2023
986,Salmon Chile Fillet,10.7,10/01/2023
987,Salmon Fillet Skin Off,15.5,10/01/2023
988,Salmon Fillet Skin On,13.95,10/01/2023
989,Striped Bass Wild Fillet Lg Skin On,24.95,10/01/2023
990,"Bronzini, Fillet 600-800",19.95,10/01/2023
991,"Cod Loins, Icelandic MSC 20+",16.95,10/01/2023
992,Arctic Char Whole,9.95,10/01/2023
993,Arctic Char Fillet,17.95,10/01/2023
994,Halibut Fillet Skin Off,29.95,10/01/2023
995,"Flounder Fillet, Skin Off Hand Cut",18.95,10/01/2023
996,Snapper Fillet  American Red,24.31,10/01/2023
997,Salmon Irish Fillet,16.99,10/01/2023
998,Bronzini Whole  600-800 S&G,9.8,10/01/2023
999,Lane Snapper Fillet Skin On,22.64,10/01/2023
1000,Tilapia Fillet 5/7 oz,8.1,10/01/2023
1001,Tuna #1 Premium Loin Yellowfin,34.84,10/01/2023
1002,Salmon Fillet Faroe Islands Skin On,16.89,10/01/2023
1003,Salmon Verlasso Fillet ASC,12.95,10/01/2023
1004,Striped Bass  Farmed Fillet,19.31,10/01/2023
1005,Swordfish Loin,16.95,10/01/2023
1006,Chilean Sea Bass Fillet Skin Off PF,34.95,10/01/2023
1007,Salmon Loch Duart Fillet,16.95,10/01/2023
1008,Tuna 2+ Premium Loin Yellowfin/Bigeye,26.91,10/01/2023
1009,Bronzini Whole HEAD ON Butterfly,17.95,10/01/2023
1010,"Salmon, Ora King Fillet",27.95,10/01/2023
1011,Dover Sole Whole,17.85,10/01/2023
1012,Salmon Wester Ross filet,16.72,10/01/2023
1013,Salmon Norwegian Fillet,13.44,10/01/2023
1014,"Salmon, Whole Scale Gut (Canada)",8.25,10/01/2023
1015,"Salmon, Sixty South Fillet",13.2,10/01/2023
1016,Black Sea Bass Fillet,38.02,10/01/2023
1017,"Dover Sole, Fresh Fillet Wild",52.76,10/01/2023
1018,Kanpachi Fillet Skin On,30.14,10/01/2023
1019,"Arctic Charr, Scale Gut",10.45,10/01/2023
1020,"Bronzini, 400-600 S&G",8.98,10/01/2023
1021,"Bronzini Fillet, 400-600gr  Farmed",19.95,10/01/2023
1022,"Snapper 1-2, Whole S&G",11.8,10/01/2023
1023,Trout Rainbow Head On,9.01,10/01/2023
1024,Trout Rainbow 6-8 oz,12.99,10/01/2023
1025,Mahi Mahi Fillet Skin Off,17.95,10/01/2023
1026,Salmon Chile Fillet,10.7,10/01/2023
1027,Salmon Fillet Skin Off,15.5,10/01/2023
1028,Salmon Fillet Skin On,13.95,10/01/2023
1029,Striped Bass Wild Fillet Lg Skin On,24.95,10/01/2023
1030,"Bronzini, Fillet 600-800",19.95,10/01/2023
1031,"Cod Loins, Icelandic MSC 20+",16.95,10/01/2023
1032,Arctic Char Whole,9.95,10/01/2023
1033,Arctic Char Fillet,17.95,10/01/2023
1034,Halibut Fillet Skin Off,29.95,10/01/2023
1035,"Flounder Fillet, Skin Off Hand Cut",18.95,10/01/2023
1036,Snapper Fillet  American Red,24.31,10/01/2023
1037,Salmon Irish Fillet,16.99,10/01/2023
1038,Bronzini Whole  600-800 S&G,9.8,10/01/2023
1039,Lane Snapper Fillet Skin On,22.64,10/01/2023
1040,Tilapia Fillet 5/7 oz,8.1,10/01/2023
1041,Tuna #1 Premium Loin Yellowfin,34.84,10/01/2023
1042,Salmon Fillet Faroe Islands Skin On,16.89,10/01/2023
1043,Salmon Verlasso Fillet ASC,12.95,10/01/2023
1044,Striped Bass  Farmed Fillet,19.31,10/01/2023
1045,Swordfish Loin,16.95,10/01/2023
1046,Chilean Sea Bass Fillet Skin Off PF,34.95,10/01/2023
1047,Salmon Loch Duart Fillet,16.95,10/01/2023
1048,Tuna 2+ Premium Loin Yellowfin/Bigeye,26.91,10/01/2023
1049,Bronzini Whole HEAD ON Butterfly,17.95,11/01/2023
1050,"Salmon, Ora King Fillet",27.95,11/01/2023
1051,Dover Sole Whole,17.85,11/01/2023
1052,Salmon Wester Ross filet,16.72,11/01/2023
1053,Salmon Norwegian Fillet,13.44,11/01/2023
1054,"Salmon, Whole Scale Gut (Canada)",8.25,11/01/2023
1055,"Salmon, Sixty South Fillet",13.2,11/01/2023
1056,Black Sea Bass Fillet,38.02,11/01/2023
1057,"Dover Sole, Fresh Fillet Wild",52.76,11/01/2023
1058,Kanpachi Fillet Skin On,30.14,11/01/2023
1059,"Arctic Charr, Scale Gut",10.45,11/01/2023
1060,"Bronzini, 400-600 S&G",8.98,11/01/2023
1061,"Bronzini Fillet, 400-600gr  Farmed",19.95,11/01/2023
1062,"Snapper 1-2, Whole S&G",11.8,11/01/2023
1063,Trout Rainbow Head On,9.01,11/01/2023
1064,Trout Rainbow 6-8 oz,12.99,11/01/2023
1065,Mahi Mahi Fillet Skin Off,17.95,11/01/2023
1066,Salmon Chile Fillet,10.7,11/01/2023
1067,Salmon Fillet Skin Off,15.5,11/01/2023
1068,Salmon Fillet Skin On,13.95,11/01/2023
1069,Striped Bass Wild Fillet Lg Skin On,24.95,11/01/2023
1070,"Bronzini, Fillet 600-800",19.95,11/01/2023
1071,"Cod Loins, Icelandic MSC 20+",16.95,11/01/2023
1072,Arctic Char Whole,9.95,11/01/2023
1073,Arctic Char Fillet,17.95,11/01/2023
1074,Halibut Fillet Skin Off,29.95,11/01/2023
1075,"Flounder Fillet, Skin Off Hand Cut",18.95,11/01/2023
1076,Snapper Fillet  American Red,24.31,11/01/2023
1077,Salmon Irish Fillet,16.99,11/01/2023
1078,Bronzini Whole  600-800 S&G,9.8,11/01/2023
1079,Lane Snapper Fillet Skin On,22.64,11/01/2023
1080,Tilapia Fillet 5/7 oz,8.1,11/01/2023
1081,Tuna #1 Premium Loin Yellowfin,34.84,11/01/2023
1082,Salmon Fillet Faroe Islands Skin On,16.89,11/01/2023
1083,Salmon Verlasso Fillet ASC,12.95,11/01/2023
1084,Striped Bass  Farmed Fillet,19.31,11/01/2023
1085,Swordfish Loin,16.95,11/01/2023
1086,Chilean Sea Bass Fillet Skin Off PF,34.95,11/01/2023
1087,Salmon Loch Duart Fillet,16.95,11/01/2023
1088,Tuna 2+ Premium Loin Yellowfin/Bigeye,26.91,11/01/2023
1089,Bronzini Whole HEAD ON Butterfly,17.95,12/01/2023
1090,Dover Sole Whole,17.85,12/01/2023
1091,Salmon Wester Ross filet,16.72,12/01/2023
1092,Salmon Norwegian Fillet,13.44,12/01/2023
1093,"Salmon, Whole Scale Gut (Canada)",8.25,12/01/2023
1094,"Salmon, Sixty South Fillet",13.2,12/01/2023
1095,Black Sea Bass Fillet,38.02,12/01/2023
1096,"Dover Sole, Fresh Fillet Wild",52.76,12/01/2023
1097,Kanpachi Fillet Skin On,30.14,12/01/2023
1098,"Arctic Charr, Scale Gut",10.45,12/01/2023
1099,"Bronzini, 400-600 S&G",8.98,12/01/2023
1100,"Bronzini Fillet, 400-600gr  Farmed",19.95,12/01/2023
1101,"Snapper 1-2, Whole S&G",11.8,12/01/2023
1102,Trout Rainbow Head On,9.01,12/01/2023
1103,Trout Rainbow 6-8 oz,12.99,12/01/2023
1104,Mahi Mahi Fillet Skin Off,17.95,12/01/2023
1105,Salmon Chile Fillet,10.7,12/01/2023
1106,Salmon Fillet Skin Off,15.5,12/01/2023
1107,Salmon Fillet Skin On,13.95,12/01/2023
1108,Striped Bass Wild Fillet Lg Skin On,24.95,12/01/2023
1109,"Bronzini, Fillet 600-800",19.95,12/01/2023
1110,"Cod Loins, Icelandic MSC 20+",16.95,12/01/2023
1111,Arctic Char Whole,9.95,12/01/2023
1112,Arctic Char Fillet,17.95,12/01/2023
1113,Halibut Fillet Skin Off,29.95,12/01/2023
1114,"Flounder Fillet, Skin Off Hand Cut",18.95,12/01/2023
1115,Salmon Irish Fillet,16.99,12/01/2023
1116,Bronzini Whole  600-800 S&G,9.8,12/01/2023
1117,Tilapia Fillet 5/7 oz,8.1,12/01/2023
1118,Tuna #1 Premium Loin Yellowfin,34.84,12/01/2023
1119,Salmon Fillet Faroe Islands Skin On,16.89,12/01/2023
1120,Salmon Verlasso Fillet ASC,12.95,12/01/2023
1121,Striped Bass  Farmed Fillet,19.31,12/01/2023
1122,Swordfish Loin,16.95,12/01/2023
1123,Chilean Sea Bass Fillet Skin Off PF,34.95,12/01/2023
1124,Salmon Loch Duart Fillet,16.95,12/01/2023
1125,Tuna 2+ Premium Loin Yellowfin/Bigeye,26.91,12/01/2023
1126,Bronzini Whole HEAD ON Butterfly,17.95,12/01/2023
1127,Dover Sole Whole,17.85,12/01/2023
1128,Salmon Wester Ross filet,16.72,12/01/2023
1129,Salmon Norwegian Fillet,13.44,12/01/2023
1130,"Salmon, Whole Scale Gut (Canada)",8.25,12/01/2023
1131,"Salmon, Sixty South Fillet",13.2,12/01/2023
1132,Black Sea Bass Fillet,38.02,12/01/2023
1133,"Dover Sole, Fresh Fillet Wild",52.76,12/01/2023
1134,Kanpachi Fillet Skin On,30.14,12/01/2023
1135,"Arctic Charr, Scale Gut",10.45,12/01/2023
1136,"Bronzini, 400-600 S&G",8.98,12/01/2023
1137,"Bronzini Fillet, 400-600gr  Farmed",19.95,12/01/2023
1138,"Snapper 1-2, Whole S&G",11.8,12/01/2023
1139,Trout Rainbow Head On,9.01,12/01/2023
1140,Trout Rainbow 6-8 oz,12.99,12/01/2023
1141,Mahi Mahi Fillet Skin Off,17.95,12/01/2023
1142,Salmon Chile Fillet,10.7,12/01/2023
1143,Salmon Fillet Skin Off,15.5,12/01/2023
1144,Salmon Fillet Skin On,13.95,12/01/2023
1145,Striped Bass Wild Fillet Lg Skin On,24.95,12/01/2023
1146,"Bronzini, Fillet 600-800",19.95,12/01/2023
1147,"Cod Loins, Icelandic MSC 20+",16.95,12/01/2023
1148,Arctic Char Whole,9.95,12/01/2023
1149,Arctic Char Fillet,17.95,12/01/2023
1150,Halibut Fillet Skin Off,29.95,12/01/2023
1151,"Flounder Fillet, Skin Off Hand Cut",18.95,12/01/2023
1152,Salmon Irish Fillet,16.99,12/01/2023
1153,Bronzini Whole  600-800 S&G,9.8,12/01/2023
1154,Tilapia Fillet 5/7 oz,8.1,12/01/2023
1155,Tuna #1 Premium Loin Yellowfin,34.84,12/01/2023
1156,Salmon Fillet Faroe Islands Skin On,16.89,12/01/2023
1157,Salmon Verlasso Fillet ASC,12.95,12/01/2023
1158,Striped Bass  Farmed Fillet,19.31,12/01/2023
1159,Swordfish Loin,16.95,12/01/2023
1160,Chilean Sea Bass Fillet Skin Off PF,34.95,12/01/2023
1161,Salmon Loch Duart Fillet,16.95,12/01/2023
1162,Tuna 2+ Premium Loin Yellowfin/Bigeye,26.91,12/01/2023
1163,Bronzini Whole HEAD ON Butterfly,17.95,13/01/2023
1164,Dover Sole Whole,17.85,13/01/2023
1165,Salmon Wester Ross filet,16.72,13/01/2023
1166,Salmon Norwegian Fillet,13.44,13/01/2023
1167,"Salmon, Whole Scale Gut (Canada)",8.25,13/01/2023
1168,"Salmon, Sixty South Fillet",13.2,13/01/2023
1169,Black Sea Bass Fillet,38.02,13/01/2023
1170,"Dover Sole, Fresh Fillet Wild",52.76,13/01/2023
1171,Kanpachi Fillet Skin On,30.14,13/01/2023
1172,"Arctic Charr, Scale Gut",10.45,13/01/2023
1173,"Bronzini, 400-600 S&G",8.98,13/01/2023
1174,"Bronzini Fillet, 400-600gr  Farmed",19.95,13/01/2023
1175,"Snapper 1-2, Whole S&G",11.8,13/01/2023
1176,Trout Rainbow Head On,9.01,13/01/2023
1177,Trout Rainbow 6-8 oz,12.99,13/01/2023
1178,Mahi Mahi Fillet Skin Off,17.95,13/01/2023
1179,Salmon Chile Fillet,10.7,13/01/2023
1180,Salmon Fillet Skin Off,15.5,13/01/2023
1181,Salmon Fillet Skin On,13.95,13/01/2023
1182,Striped Bass Wild Fillet Lg Skin On,24.95,13/01/2023
1183,"Bronzini, Fillet 600-800",19.95,13/01/2023
1184,"Cod Loins, Icelandic MSC 20+",16.95,13/01/2023
1185,Arctic Char Whole,9.95,13/01/2023
1186,Arctic Char Fillet,17.95,13/01/2023
1187,Halibut Fillet Skin Off,29.95,13/01/2023
1188,"Flounder Fillet, Skin Off Hand Cut",18.95,13/01/2023
1189,Salmon Irish Fillet,16.99,13/01/2023
1190,Bronzini Whole  600-800 S&G,9.8,13/01/2023
1191,Tilapia Fillet 5/7 oz,8.1,13/01/2023
1192,Tuna #1 Premium Loin Yellowfin,34.84,13/01/2023
1193,Salmon Fillet Faroe Islands Skin On,16.89,13/01/2023
1194,Salmon Verlasso Fillet ASC,12.95,13/01/2023
1195,Striped Bass  Farmed Fillet,19.31,13/01/2023
1196,Swordfish Loin,16.95,13/01/2023
1197,Chilean Sea Bass Fillet Skin Off PF,34.95,13/01/2023
1198,Salmon Loch Duart Fillet,16.95,13/01/2023
1199,Tuna 2+ Premium Loin Yellowfin/Bigeye,26.91,13/01/2023
1200,Bronzini Whole HEAD ON Butterfly,17.95,13/01/2023
1201,Salmon Wester Ross filet,16.72,13/01/2023
1202,Salmon Norwegian Fillet,13.44,13/01/2023
1203,"Salmon, Whole Scale Gut (Canada)",8.25,13/01/2023
1204,"Salmon, Sixty South Fillet",13.2,13/01/2023
1205,Black Sea Bass Fillet,38.02,13/01/2023
1206,"Meagre Fillet, Skin Off",21.25,13/01/2023
1207,Kanpachi Fillet Skin On,30.14,13/01/2023
1208,"Arctic Charr, Scale Gut",10.45,13/01/2023
1209,"Bronzini, 400-600 S&G",8.98,13/01/2023
1210,"Bronzini Fillet, 400-600gr  Farmed",19.95,13/01/2023
1211,"Snapper 1-2, Whole S&G",11.8,13/01/2023
1212,Trout Rainbow Head On,9.01,13/01/2023
1213,Trout Rainbow 6-8 oz,12.99,13/01/2023
1214,Mahi Mahi Fillet Skin Off,17.95,13/01/2023
1215,Salmon Chile Fillet,10.7,13/01/2023
1216,Salmon Fillet Skin Off,15.5,13/01/2023
1217,Salmon Fillet Skin On,13.95,13/01/2023
1218,Striped Bass Wild Fillet Lg Skin On,24.95,13/01/2023
1219,"Bronzini, Fillet 600-800",19.95,13/01/2023
1220,"Cod Loins, Icelandic MSC 20+",16.95,13/01/2023
1221,Arctic Char Whole,9.95,13/01/2023
1222,Arctic Char Fillet,17.95,13/01/2023
1223,Halibut Fillet Skin Off,29.95,13/01/2023
1224,"Flounder Fillet, Skin Off Hand Cut",18.95,13/01/2023
1225,Salmon Irish Fillet,16.99,13/01/2023
1226,Bronzini Whole  600-800 S&G,9.8,13/01/2023
1227,Tilapia Fillet 5/7 oz,8.1,13/01/2023
1228,Tuna #1 Premium Loin Yellowfin,34.84,13/01/2023
1229,Salmon Fillet Faroe Islands Skin On,16.89,13/01/2023
1230,Salmon Verlasso Fillet ASC,12.95,13/01/2023
1231,Striped Bass  Farmed Fillet,19.31,13/01/2023
1232,Swordfish Loin,16.95,13/01/2023
1233,Chilean Sea Bass Fillet Skin Off PF,34.95,13/01/2023
1234,Salmon Loch Duart Fillet,16.95,13/01/2023
1235,Tuna 2+ Premium Loin Yellowfin/Bigeye,26.91,13/01/2023
1236,Bronzini Whole HEAD ON Butterfly,17.95,15/01/2023
1237,Salmon Wester Ross filet,16.72,15/01/2023
1238,Salmon Norwegian Fillet,13.44,15/01/2023
1239,"Salmon, Whole Scale Gut (Canada)",9.35,15/01/2023
1240,"Salmon, Sixty South Fillet",13.2,15/01/2023
1241,Black Sea Bass Fillet,38.02,15/01/2023
1242,"Meagre Fillet, Skin Off",21.25,15/01/2023
1243,Kanpachi Fillet Skin On,30.14,15/01/2023
1244,"Arctic Charr, Scale Gut",10.45,15/01/2023
1245,"Bronzini, 400-600 S&G",8.98,15/01/2023
1246,"Bronzini Fillet, 400-600gr  Farmed",19.95,15/01/2023
1247,"Snapper 1-2, Whole S&G",11.66,15/01/2023
1248,Trout Rainbow Head On,9.01,15/01/2023
1249,Trout Rainbow 6-8 oz,14.95,15/01/2023
1250,Mahi Mahi Fillet Skin Off,19.95,15/01/2023
1251,Salmon Chile Fillet,11.41,15/01/2023
1252,Salmon Fillet Skin Off,15.5,15/01/2023
1253,Salmon Fillet Skin On,13.95,15/01/2023
1254,Striped Bass Wild Fillet Lg Skin On,24.95,15/01/2023
1255,"Bronzini, Fillet 600-800",19.95,15/01/2023
1256,"Cod Loins, Icelandic MSC 20+",19.95,15/01/2023
1257,Arctic Char Whole,9.95,15/01/2023
1258,Arctic Char Fillet,19.95,15/01/2023
1259,Halibut Fillet Skin Off,33.95,15/01/2023
1260,"Flounder Fillet, Skin Off Hand Cut",22.75,15/01/2023
1261,Snapper Fillet  American Red,30.18,15/01/2023
1262,Salmon Irish Fillet,16.99,15/01/2023
1263,Bronzini Whole  600-800 S&G,9.8,15/01/2023
1264,Tilapia Fillet 5/7 oz,8.1,15/01/2023
1265,Tuna #1 Premium Loin Yellowfin,35.9,15/01/2023
1266,Grouper Fillet Domestic,28.13,15/01/2023
1267,Salmon Fillet Faroe Islands Skin On,16.89,15/01/2023
1268,Salmon Verlasso Fillet ASC,14.95,15/01/2023
1269,Striped Bass  Farmed Fillet,19.31,15/01/2023
1270,Swordfish Loin,19.6,15/01/2023
1271,Chilean Sea Bass Fillet Skin Off PF,37.95,15/01/2023
1272,Salmon Loch Duart Fillet,16.95,15/01/2023
1273,Tuna 2+ Premium Loin Yellowfin/Bigeye,28.6,15/01/2023
1274,Bronzini Whole HEAD ON Butterfly,17.95,16/01/2023
1275,Salmon Wester Ross filet,16.72,16/01/2023
1276,Salmon Norwegian Fillet,13.44,16/01/2023
1277,"Salmon, Whole Scale Gut (Canada)",9.35,16/01/2023
1278,"Salmon, Sixty South Fillet",13.2,16/01/2023
1279,Black Sea Bass Fillet,38.02,16/01/2023
1280,Kanpachi Fillet Skin On,30.14,16/01/2023
1281,"Arctic Charr, Scale Gut",10.45,16/01/2023
1282,"Bronzini, 400-600 S&G",8.98,16/01/2023
1283,"Bronzini Fillet, 400-600gr  Farmed",19.95,16/01/2023
1284,"Snapper 1-2, Whole S&G",11.66,16/01/2023
1285,Trout Rainbow Head On,9.01,16/01/2023
1286,Trout Rainbow 6-8 oz,14.95,16/01/2023
1287,Mahi Mahi Fillet Skin Off,19.95,16/01/2023
1288,Salmon Chile Fillet,11.41,16/01/2023
1289,Salmon Fillet Skin Off,15.5,16/01/2023
1290,Salmon Fillet Skin On,13.95,16/01/2023
1291,Striped Bass Wild Fillet Lg Skin On,24.95,16/01/2023
1292,"Bronzini, Fillet 600-800",19.95,16/01/2023
1293,"Cod Loins, Icelandic MSC 20+",19.95,16/01/2023
1294,Arctic Char Whole,9.95,16/01/2023
1295,Arctic Char Fillet,19.95,16/01/2023
1296,Halibut Fillet Skin Off,33.95,16/01/2023
1297,"Flounder Fillet, Skin Off Hand Cut",22.75,16/01/2023
1298,Snapper Fillet  American Red,30.18,16/01/2023
1299,Bronzini Whole  600-800 S&G,9.8,16/01/2023
1300,Lane Snapper Fillet Skin On,23.68,16/01/2023
1301,Tilapia Fillet 5/7 oz,8.1,16/01/2023
1302,Tuna #1 Premium Loin Yellowfin,35.9,16/01/2023
1303,Grouper Fillet Domestic,28.13,16/01/2023
1304,Salmon Fillet Faroe Islands Skin On,16.89,16/01/2023
1305,Salmon Verlasso Fillet ASC,14.95,16/01/2023
1306,Striped Bass  Farmed Fillet,19.31,16/01/2023
1307,Swordfish Loin,19.6,16/01/2023
1308,Chilean Sea Bass Fillet Skin Off PF,37.95,16/01/2023
1309,Salmon Loch Duart Fillet,16.95,16/01/2023
1310,Tuna 2+ Premium Loin Yellowfin/Bigeye,28.6,16/01/2023
1311,Bronzini Whole HEAD ON Butterfly,17.95,17/01/2023
1312,"Salmon, Ora King Fillet",27.95,17/01/2023
1313,Dover Sole Whole,17.85,17/01/2023
1314,Salmon Wester Ross filet,16.72,17/01/2023
1315,Salmon Norwegian Fillet,13.44,17/01/2023
1316,"Salmon, Whole Scale Gut (Canada)",9.35,17/01/2023
1317,"Salmon, Sixty South Fillet",13.2,17/01/2023
1318,Black Sea Bass Fillet,38.02,17/01/2023
1319,"Dover Sole, Fresh Fillet Wild",52.76,17/01/2023
1320,"Meagre Fillet, Skin Off",21.25,17/01/2023
1321,Kanpachi Fillet Skin On,30.14,17/01/2023
1322,"Arctic Charr, Scale Gut",10.45,17/01/2023
1323,"Bronzini, 400-600 S&G",8.98,17/01/2023
1324,"Bronzini Fillet, 400-600gr  Farmed",19.95,17/01/2023
1325,"Snapper 1-2, Whole S&G",11.66,17/01/2023
1326,Trout Rainbow Head On,9.01,17/01/2023
1327,Trout Rainbow 6-8 oz,14.95,17/01/2023
1328,Mahi Mahi Fillet Skin Off,19.95,17/01/2023
1329,Salmon Chile Fillet,11.41,17/01/2023
1330,Salmon Fillet Skin Off,15.5,17/01/2023
1331,Salmon Fillet Skin On,13.95,17/01/2023
1332,Striped Bass Wild Fillet Lg Skin On,24.95,17/01/2023
1333,"Bronzini, Fillet 600-800",19.95,17/01/2023
1334,"Cod Loins, Icelandic MSC 20+",19.95,17/01/2023
1335,Arctic Char Whole,9.95,17/01/2023
1336,Arctic Char Fillet,19.95,17/01/2023
1337,Halibut Fillet Skin Off,33.95,17/01/2023
1338,"Flounder Fillet, Skin Off Hand Cut",22.75,17/01/2023
1339,Snapper Fillet  American Red,30.18,17/01/2023
1340,Salmon Irish Fillet,16.99,17/01/2023
1341,Bronzini Whole  600-800 S&G,9.8,17/01/2023
1342,Lane Snapper Fillet Skin On,23.68,17/01/2023
1343,Tilapia Fillet 5/7 oz,8.1,17/01/2023
1344,Tuna #1 Premium Loin Yellowfin,35.9,17/01/2023
1345,Grouper Fillet Domestic,28.13,17/01/2023
1346,Salmon Fillet Faroe Islands Skin On,16.89,17/01/2023
1347,Salmon Verlasso Fillet ASC,14.95,17/01/2023
1348,Striped Bass  Farmed Fillet,19.31,17/01/2023
1349,Swordfish Loin,19.6,17/01/2023
1350,Chilean Sea Bass Fillet Skin Off PF,37.95,17/01/2023
1351,Salmon Loch Duart Fillet,16.95,17/01/2023
1352,Tuna 2+ Premium Loin Yellowfin/Bigeye,28.6,17/01/2023
1353,Bronzini Whole HEAD ON Butterfly,17.95,18/01/2023
1354,"Salmon, Ora King Fillet",27.95,18/01/2023
1355,Dover Sole Whole,17.85,18/01/2023
1356,Salmon Wester Ross filet,16.72,18/01/2023
1357,Salmon Norwegian Fillet,13.44,18/01/2023
1358,"Salmon, Whole Scale Gut (Canada)",9.35,18/01/2023
1359,"Salmon, Sixty South Fillet",13.2,18/01/2023
1360,Black Sea Bass Fillet,38.02,18/01/2023
1361,"Dover Sole, Fresh Fillet Wild",52.76,18/01/2023
1362,"Meagre Fillet, Skin Off",21.25,18/01/2023
1363,Kanpachi Fillet Skin On,30.14,18/01/2023
1364,"Arctic Charr, Scale Gut",10.45,18/01/2023
1365,"Bronzini, 400-600 S&G",8.98,18/01/2023
1366,"Bronzini Fillet, 400-600gr  Farmed",19.95,18/01/2023
1367,"Snapper 1-2, Whole S&G",9.95,18/01/2023
1368,Trout Rainbow Head On,9.01,18/01/2023
1369,Trout Rainbow 6-8 oz,14.95,18/01/2023
1370,Mahi Mahi Fillet Skin Off,17.95,18/01/2023
1371,Salmon Chile Fillet,11.41,18/01/2023
1372,Salmon Fillet Skin Off,15.5,18/01/2023
1373,Salmon Fillet Skin On,13.95,18/01/2023
1374,Striped Bass Wild Fillet Lg Skin On,24.95,18/01/2023
1375,"Bronzini, Fillet 600-800",19.95,18/01/2023
1376,"Cod Loins, Icelandic MSC 20+",16.95,18/01/2023
1377,Arctic Char Whole,9.95,18/01/2023
1378,Arctic Char Fillet,17.95,18/01/2023
1379,Halibut Fillet Skin Off,29.95,18/01/2023
1380,"Flounder Fillet, Skin Off Hand Cut",16.99,18/01/2023
1381,Snapper Fillet  American Red,30.18,18/01/2023
1382,Salmon Irish Fillet,16.99,18/01/2023
1383,Bronzini Whole  600-800 S&G,9.8,18/01/2023
1384,Lane Snapper Fillet Skin On,21.5,18/01/2023
1385,Tilapia Fillet 5/7 oz,8.1,18/01/2023
1386,Tuna #1 Premium Loin Yellowfin,35.9,18/01/2023
1387,Grouper Fillet Domestic,28.13,18/01/2023
1388,Salmon Fillet Faroe Islands Skin On,16.89,18/01/2023
1389,Salmon Verlasso Fillet ASC,12.95,18/01/2023
1390,Swordfish Loin,19.6,18/01/2023
1391,Chilean Sea Bass Fillet Skin Off PF,34.95,18/01/2023
1392,Salmon Loch Duart Fillet,16.95,18/01/2023
1393,Tuna 2+ Premium Loin Yellowfin/Bigeye,28.6,18/01/2023
1394,Bronzini Whole HEAD ON Butterfly,17.95,18/01/2023
1395,"Salmon, Ora King Fillet",27.95,18/01/2023
1396,Dover Sole Whole,17.85,18/01/2023
1397,Salmon Wester Ross filet,16.72,18/01/2023
1398,Salmon Norwegian Fillet,13.44,18/01/2023
1399,"Salmon, Whole Scale Gut (Canada)",9.35,18/01/2023
1400,"Salmon, Sixty South Fillet",13.2,18/01/2023
1401,Black Sea Bass Fillet,38.02,18/01/2023
1402,"Dover Sole, Fresh Fillet Wild",52.76,18/01/2023
1403,"Meagre Fillet, Skin Off",21.25,18/01/2023
1404,Kanpachi Fillet Skin On,30.14,18/01/2023
1405,"Arctic Charr, Scale Gut",10.45,18/01/2023
1406,"Bronzini, 400-600 S&G",8.98,18/01/2023
1407,"Bronzini Fillet, 400-600gr  Farmed",19.95,18/01/2023
1408,"Snapper 1-2, Whole S&G",9.95,18/01/2023
1409,Trout Rainbow Head On,9.01,18/01/2023
1410,Trout Rainbow 6-8 oz,14.95,18/01/2023
1411,Mahi Mahi Fillet Skin Off,17.95,18/01/2023
1412,Salmon Chile Fillet,11.41,18/01/2023
1413,Salmon Fillet Skin Off,15.5,18/01/2023
1414,Salmon Fillet Skin On,13.95,18/01/2023
1415,Striped Bass Wild Fillet Lg Skin On,24.95,18/01/2023
1416,"Bronzini, Fillet 600-800",19.95,18/01/2023
1417,"Cod Loins, Icelandic MSC 20+",16.95,18/01/2023
1418,Arctic Char Whole,9.95,18/01/2023
1419,Arctic Char Fillet,17.95,18/01/2023
1420,Halibut Fillet Skin Off,29.95,18/01/2023
1421,"Flounder Fillet, Skin Off Hand Cut",16.99,18/01/2023
1422,Snapper Fillet  American Red,30.18,18/01/2023
1423,Salmon Irish Fillet,16.99,18/01/2023
1424,Bronzini Whole  600-800 S&G,9.8,18/01/2023
1425,Lane Snapper Fillet Skin On,21.5,18/01/2023
1426,Tilapia Fillet 5/7 oz,8.1,18/01/2023
1427,Tuna #1 Premium Loin Yellowfin,35.9,18/01/2023
1428,Grouper Fillet Domestic,28.13,18/01/2023
1429,Salmon Fillet Faroe Islands Skin On,16.89,18/01/2023
1430,Salmon Verlasso Fillet ASC,12.95,18/01/2023
1431,Swordfish Loin,19.6,18/01/2023
1432,Chilean Sea Bass Fillet Skin Off PF,34.95,18/01/2023
1433,Salmon Loch Duart Fillet,16.95,18/01/2023
1434,Tuna 2+ Premium Loin Yellowfin/Bigeye,28.6,18/01/2023
1435,Bronzini Whole HEAD ON Butterfly,17.95,19/01/2023
1436,"Salmon, Ora King Fillet",27.95,19/01/2023
1437,Dover Sole Whole,17.85,19/01/2023
1438,Salmon Wester Ross filet,16.72,19/01/2023
1439,Salmon Norwegian Fillet,13.44,19/01/2023
1440,"Salmon, Whole Scale Gut (Canada)",9.35,19/01/2023
1441,"Salmon, Sixty South Fillet",13.2,19/01/2023
1442,Black Sea Bass Fillet,38.02,19/01/2023
1443,"Dover Sole, Fresh Fillet Wild",52.76,19/01/2023
1444,"Meagre Fillet, Skin Off",21.25,19/01/2023
1445,Kanpachi Fillet Skin On,30.14,19/01/2023
1446,"Arctic Charr, Scale Gut",10.45,19/01/2023
1447,"Bronzini, 400-600 S&G",8.98,19/01/2023
1448,"Bronzini Fillet, 400-600gr  Farmed",19.95,19/01/2023
1449,"Snapper 1-2, Whole S&G",9.95,19/01/2023
1450,Trout Rainbow Head On,9.01,19/01/2023
1451,Mahi Mahi Fillet Skin Off,17.95,19/01/2023
1452,Salmon Chile Fillet,11.41,19/01/2023
1453,Salmon Fillet Skin Off,15.5,19/01/2023
1454,Salmon Fillet Skin On,13.95,19/01/2023
1455,Striped Bass Wild Fillet Lg Skin On,24.95,19/01/2023
1456,"Bronzini, Fillet 600-800",19.95,19/01/2023
1457,"Cod Loins, Icelandic MSC 20+",16.95,19/01/2023
1458,Arctic Char Whole,9.95,19/01/2023
1459,Arctic Char Fillet,17.95,19/01/2023
1460,Halibut Fillet Skin Off,29.95,19/01/2023
1461,"Flounder Fillet, Skin Off Hand Cut",16.99,19/01/2023
1462,Snapper Fillet  American Red,30.18,19/01/2023
1463,Salmon Irish Fillet,16.99,19/01/2023
1464,Bronzini Whole  600-800 S&G,9.8,19/01/2023
1465,Lane Snapper Fillet Skin On,21.5,19/01/2023
1466,Tilapia Fillet 5/7 oz,8.1,19/01/2023
1467,Tuna #1 Premium Loin Yellowfin,35.9,19/01/2023
1468,Grouper Fillet Domestic,28.13,19/01/2023
1469,Salmon Fillet Faroe Islands Skin On,16.89,19/01/2023
1470,Salmon Verlasso Fillet ASC,12.95,19/01/2023
1471,Striped Bass  Farmed Fillet,19.31,19/01/2023
1472,Swordfish Loin,19.6,19/01/2023
1473,Chilean Sea Bass Fillet Skin Off PF,34.95,19/01/2023
1474,Salmon Loch Duart Fillet,16.95,19/01/2023
1475,Tuna 2+ Premium Loin Yellowfin/Bigeye,28.6,19/01/2023
1476,Bronzini Whole HEAD ON Butterfly,17.95,20/01/2023
1477,"Salmon, Ora King Fillet",27.95,20/01/2023
1478,Dover Sole Whole,17.85,20/01/2023
1479,Salmon Wester Ross filet,16.72,20/01/2023
1480,Salmon Norwegian Fillet,13.44,20/01/2023
1481,"Salmon, Whole Scale Gut (Canada)",9.35,20/01/2023
1482,"Salmon, Sixty South Fillet",13.2,20/01/2023
1483,Black Sea Bass Fillet,38.02,20/01/2023
1484,"Dover Sole, Fresh Fillet Wild",52.76,20/01/2023
1485,"Meagre Fillet, Skin Off",21.25,20/01/2023
1486,Kanpachi Fillet Skin On,30.14,20/01/2023
1487,"Arctic Charr, Scale Gut",10.45,20/01/2023
1488,"Bronzini, 400-600 S&G",8.98,20/01/2023
1489,"Bronzini Fillet, 400-600gr  Farmed",19.95,20/01/2023
1490,"Snapper 1-2, Whole S&G",9.95,20/01/2023
1491,Trout Rainbow Head On,9.01,20/01/2023
1492,Trout Rainbow 6-8 oz,14.95,20/01/2023
1493,Mahi Mahi Fillet Skin Off,17.95,20/01/2023
1494,Salmon Chile Fillet,11.41,20/01/2023
1495,Salmon Fillet Skin Off,15.5,20/01/2023
1496,Salmon Fillet Skin On,13.95,20/01/2023
1497,Striped Bass Wild Fillet Lg Skin On,24.95,20/01/2023
1498,"Bronzini, Fillet 600-800",19.95,20/01/2023
1499,"Cod Loins, Icelandic MSC 20+",16.95,20/01/2023
1500,Arctic Char Whole,9.95,20/01/2023
1501,Arctic Char Fillet,17.95,20/01/2023
1502,Halibut Fillet Skin Off,29.95,20/01/2023
1503,"Flounder Fillet, Skin Off Hand Cut",16.99,20/01/2023
1504,Snapper Fillet  American Red,30.18,20/01/2023
1505,Salmon Irish Fillet,16.99,20/01/2023
1506,Bronzini Whole  600-800 S&G,9.8,20/01/2023
1507,Lane Snapper Fillet Skin On,21.5,20/01/2023
1508,Tilapia Fillet 5/7 oz,8.1,20/01/2023
1509,Tuna #1 Premium Loin Yellowfin,35.9,20/01/2023
1510,Grouper Fillet Domestic,28.13,20/01/2023
1511,Salmon Fillet Faroe Islands Skin On,16.89,20/01/2023
1512,Salmon Verlasso Fillet ASC,12.95,20/01/2023
1513,Striped Bass  Farmed Fillet,19.31,20/01/2023
1514,Swordfish Loin,19.6,20/01/2023
1515,Chilean Sea Bass Fillet Skin Off PF,34.95,20/01/2023
1516,Salmon Loch Duart Fillet,16.95,20/01/2023
1517,Tuna 2+ Premium Loin Yellowfin/Bigeye,28.6,20/01/2023
1518,Bronzini Whole HEAD ON Butterfly,17.95,21/01/2023
1519,"Salmon, Ora King Fillet",27.95,21/01/2023
1520,Salmon Wester Ross filet,16.72,21/01/2023
1521,Salmon Norwegian Fillet,13.44,21/01/2023
1522,"Salmon, Whole Scale Gut (Canada)",9.35,21/01/2023
1523,"Salmon, Sixty South Fillet",13.2,21/01/2023
1524,Black Sea Bass Fillet,38.02,21/01/2023
1525,"Meagre Fillet, Skin Off",21.25,21/01/2023
1526,Kanpachi Fillet Skin On,30.14,21/01/2023
1527,"Arctic Charr, Scale Gut",10.45,21/01/2023
1528,"Bronzini, 400-600 S&G",8.98,21/01/2023
1529,"Bronzini Fillet, 400-600gr  Farmed",19.95,21/01/2023
1530,"Snapper 1-2, Whole S&G",9.95,21/01/2023
1531,Trout Rainbow Head On,9.01,21/01/2023
1532,Trout Rainbow 6-8 oz,14.95,21/01/2023
1533,Mahi Mahi Fillet Skin Off,17.95,21/01/2023
1534,Salmon Chile Fillet,11.41,21/01/2023
1535,Salmon Fillet Skin Off,15.5,21/01/2023
1536,Salmon Fillet Skin On,13.95,21/01/2023
1537,Striped Bass Wild Fillet Lg Skin On,24.95,21/01/2023
1538,"Bronzini, Fillet 600-800",19.95,21/01/2023
1539,"Cod Loins, Icelandic MSC 20+",16.95,21/01/2023
1540,Arctic Char Whole,9.95,21/01/2023
1541,Arctic Char Fillet,17.95,21/01/2023
1542,Halibut Fillet Skin Off,29.95,21/01/2023
1543,"Flounder Fillet, Skin Off Hand Cut",16.99,21/01/2023
1544,Snapper Fillet  American Red,30.18,21/01/2023
1545,Salmon Irish Fillet,16.99,21/01/2023
1546,Bronzini Whole  600-800 S&G,9.8,21/01/2023
1547,Lane Snapper Fillet Skin On,21.5,21/01/2023
1548,Tilapia Fillet 5/7 oz,8.1,21/01/2023
1549,Tuna #1 Premium Loin Yellowfin,35.9,21/01/2023
1550,Grouper Fillet Domestic,28.13,21/01/2023
1551,Salmon Fillet Faroe Islands Skin On,16.89,21/01/2023
1552,Salmon Verlasso Fillet ASC,12.95,21/01/2023
1553,Striped Bass  Farmed Fillet,19.31,21/01/2023
1554,Swordfish Loin,19.6,21/01/2023
1555,Chilean Sea Bass Fillet Skin Off PF,34.95,21/01/2023
1556,Salmon Loch Duart Fillet,16.95,21/01/2023
1557,Tuna 2+ Premium Loin Yellowfin/Bigeye,28.6,21/01/2023
1558,Bronzini Whole HEAD ON Butterfly,17.95,23/01/2023
1559,"Salmon, Ora King Fillet",23.55,23/01/2023
1560,Salmon Wester Ross filet,16.72,23/01/2023
1561,Salmon Norwegian Fillet,13.44,23/01/2023
1562,"Salmon, Whole Scale Gut (Canada)",8.86,23/01/2023
1563,"Salmon, Sixty South Fillet",13.2,23/01/2023
1564,Black Sea Bass Fillet,38.02,23/01/2023
1565,"Meagre Fillet, Skin Off",21.25,23/01/2023
1566,Kanpachi Fillet Skin On,30.14,23/01/2023
1567,"Arctic Charr, Scale Gut",10.45,23/01/2023
1568,"Bronzini, 400-600 S&G",8.98,23/01/2023
1569,"Bronzini Fillet, 400-600gr  Farmed",19.95,23/01/2023
1570,"Snapper 1-2, Whole S&G",12.04,23/01/2023
1571,Trout Rainbow Head On,9.01,23/01/2023
1572,Trout Rainbow 6-8 oz,14.95,23/01/2023
1573,Mahi Mahi Fillet Skin Off,19.95,23/01/2023
1574,Salmon Chile Fillet,11.41,23/01/2023
1575,Salmon Fillet Skin Off,14.38,23/01/2023
1576,Salmon Fillet Skin On,13.2,23/01/2023
1577,Striped Bass Wild Fillet Lg Skin On,21.83,23/01/2023
1578,"Bronzini, Fillet 600-800",19.95,23/01/2023
1579,"Cod Loins, Icelandic MSC 20+",19.95,23/01/2023
1580,Arctic Char Whole,9.95,23/01/2023
1581,Arctic Char Fillet,19.95,23/01/2023
1582,Halibut Fillet Skin Off,34.95,23/01/2023
1583,"Flounder Fillet, Skin Off Hand Cut",22.75,23/01/2023
1584,Snapper Fillet  American Red,30.18,23/01/2023
1585,Salmon Irish Fillet,16.99,23/01/2023
1586,Bronzini Whole  600-800 S&G,9.8,23/01/2023
1587,Lane Snapper Fillet Skin On,26.01,23/01/2023
1588,Tilapia Fillet 5/7 oz,8.1,23/01/2023
1589,Tuna #1 Premium Loin Yellowfin,25.57,23/01/2023
1590,Grouper Fillet Domestic,28.13,23/01/2023
1591,Salmon Fillet Faroe Islands Skin On,16.89,23/01/2023
1592,Salmon Verlasso Fillet ASC,14.95,23/01/2023
1593,Striped Bass  Farmed Fillet,20.25,23/01/2023
1594,Swordfish Loin,19.6,23/01/2023
1595,Chilean Sea Bass Fillet Skin Off PF,37.95,23/01/2023
1596,Salmon Loch Duart Fillet,16.89,23/01/2023
1597,Tuna 2+ Premium Loin Yellowfin/Bigeye,19.2,23/01/2023
1598,Bronzini Whole HEAD ON Butterfly,17.95,24/01/2023
1599,"Salmon, Ora King Fillet",24.95,24/01/2023
1600,Dover Sole Whole,17.85,24/01/2023
1601,Salmon Wester Ross filet,16.72,24/01/2023
1602,Salmon Norwegian Fillet,13.44,24/01/2023
1603,"Salmon, Whole Scale Gut (Canada)",8.86,24/01/2023
1604,"Salmon, Sixty South Fillet",13.2,24/01/2023
1605,"Dover Sole, Fresh Fillet Wild",52.76,24/01/2023
1606,"Meagre Fillet, Skin Off",21.25,24/01/2023
1607,Kanpachi Fillet Skin On,30.14,24/01/2023
1608,"Arctic Charr, Scale Gut",10.45,24/01/2023
1609,"Bronzini, 400-600 S&G",8.98,24/01/2023
1610,"Bronzini Fillet, 400-600gr  Farmed",19.95,24/01/2023
1611,"Snapper 1-2, Whole S&G",12.04,24/01/2023
1612,Trout Rainbow Head On,9.01,24/01/2023
1613,Trout Rainbow 6-8 oz,14.95,24/01/2023
1614,Mahi Mahi Fillet Skin Off,18.95,24/01/2023
1615,Salmon Chile Fillet,11.41,24/01/2023
1616,Salmon Fillet Skin Off,15.95,24/01/2023
1617,Salmon Fillet Skin On,14.95,24/01/2023
1618,Striped Bass Wild Fillet Lg Skin On,22.95,24/01/2023
1619,"Bronzini, Fillet 600-800",19.95,24/01/2023
1620,"Cod Loins, Icelandic MSC 20+",19.95,24/01/2023
1621,Arctic Char Whole,9.95,24/01/2023
1622,Arctic Char Fillet,19.95,24/01/2023
1623,Halibut Fillet Skin Off,26.95,24/01/2023
1624,"Flounder Fillet, Skin Off Hand Cut",19.95,24/01/2023
1625,Snapper Fillet  American Red,30.18,24/01/2023
1626,Salmon Irish Fillet,16.99,24/01/2023
1627,Bronzini Whole  600-800 S&G,9.8,24/01/2023
1628,Lane Snapper Fillet Skin On,26.01,24/01/2023
1629,Tilapia Fillet 5/7 oz,8.1,24/01/2023
1630,Tuna #1 Premium Loin Yellowfin,25.57,24/01/2023
1631,Grouper Fillet Domestic,29.95,24/01/2023
1632,"Drum, Red Fillet",19.95,24/01/2023
1633,Salmon Fillet Faroe Islands Skin On,16.89,24/01/2023
1634,Salmon Verlasso Fillet ASC,14.95,24/01/2023
1635,Striped Bass  Farmed Fillet,20.25,24/01/2023
1636,Swordfish Loin,19.95,24/01/2023
1637,Chilean Sea Bass Fillet Skin Off PF,37.95,24/01/2023
1638,Salmon Loch Duart Fillet,19.95,24/01/2023
1639,Tuna 2+ Premium Loin Yellowfin/Bigeye,19.2,24/01/2023
1640,Bronzini Whole HEAD ON Butterfly,17.95,25/01/2023
1641,"Salmon, Ora King Fillet",24.95,25/01/2023
1642,Dover Sole Whole,17.85,25/01/2023
1643,Salmon Wester Ross filet,16.72,25/01/2023
1644,Salmon Norwegian Fillet,13.44,25/01/2023
1645,"Salmon, Whole Scale Gut (Canada)",8.86,25/01/2023
1646,"Salmon, Sixty South Fillet",13.2,25/01/2023
1647,"Dover Sole, Fresh Fillet Wild",52.76,25/01/2023
1648,"Meagre Fillet, Skin Off",21.25,25/01/2023
1649,Kanpachi Fillet Skin On,30.14,25/01/2023
1650,"Arctic Charr, Scale Gut",10.45,25/01/2023
1651,"Bronzini, 400-600 S&G",8.98,25/01/2023
1652,"Bronzini Fillet, 400-600gr  Farmed",19.95,25/01/2023
1653,"Snapper 1-2, Whole S&G",12.04,25/01/2023
1654,Trout Rainbow Head On,9.01,25/01/2023
1655,Trout Rainbow 6-8 oz,14.95,25/01/2023
1656,Mahi Mahi Fillet Skin Off,18.95,25/01/2023
1657,Salmon Chile Fillet,11.41,25/01/2023
1658,Salmon Fillet Skin Off,15.95,25/01/2023
1659,Salmon Fillet Skin On,14.95,25/01/2023
1660,Striped Bass Wild Fillet Lg Skin On,22.95,25/01/2023
1661,"Bronzini, Fillet 600-800",19.95,25/01/2023
1662,"Cod Loins, Icelandic MSC 20+",19.95,25/01/2023
1663,Arctic Char Whole,9.95,25/01/2023
1664,Arctic Char Fillet,19.95,25/01/2023
1665,Halibut Fillet Skin Off,26.95,25/01/2023
1666,"Flounder Fillet, Skin Off Hand Cut",19.95,25/01/2023
1667,Snapper Fillet  American Red,30.18,25/01/2023
1668,Salmon Irish Fillet,16.99,25/01/2023
1669,Bronzini Whole  600-800 S&G,9.8,25/01/2023
1670,Lane Snapper Fillet Skin On,26.01,25/01/2023
1671,Tilapia Fillet 5/7 oz,8.1,25/01/2023
1672,Tuna #1 Premium Loin Yellowfin,25.57,25/01/2023
1673,Grouper Fillet Domestic,29.95,25/01/2023
1674,"Drum, Red Fillet",19.95,25/01/2023
1675,Salmon Fillet Faroe Islands Skin On,16.89,25/01/2023
1676,Salmon Verlasso Fillet ASC,14.95,25/01/2023
1677,Striped Bass  Farmed Fillet,20.25,25/01/2023
1678,Swordfish Loin,19.95,25/01/2023
1679,Chilean Sea Bass Fillet Skin Off PF,37.95,25/01/2023
1680,Salmon Loch Duart Fillet,19.95,25/01/2023
1681,Tuna 2+ Premium Loin Yellowfin/Bigeye,19.2,25/01/2023
